Binder Name,Binder Type,Name,Set code,Set name,Collector number,Foil,Rarity,Quantity,ManaBox ID,Scryfall ID,Purchase price,Misprint,Altered,Condition,Language,Purchase price currency,Added
caja negra,binder,Corpse Augur,DRC,Aetherdrift Commander,40,normal,uncommon,1,103161,8d1d7df2-acf8-4e10-81cc-bdb23ffd4c7f,0.35,false,false,near_mint,es,USD,2026-09-02T19:27:22.037Z
caja negra,binder,Susurian Voidborn,EOE,Edge of Eternities,118,normal,uncommon,1,107765,beb97e7b-0ae7-4b08-9ceb-6a7f825bcd49,0.35,false,false,near_mint,es,USD,2026-09-02T19:27:22.038Z
caja negra,binder,Lotleth Giant,CMM,Commander Masters,171,normal,common,1,84020,09237f1b-eff6-45bf-bd7d-a883deda122a,0.69,false,false,near_mint,es,USD,2026-09-02T19:27:22.039Z
caja negra,binder,Leech Collector // Bloodletting,SOS,Secrets of Strixhaven,88,normal,uncommon,1,112684,c715fe4c-c0e7-4342-811f-b74687851097,0.35,false,false,near_mint,es,USD,2026-09-02T19:27:22.040Z
caja negra,binder,Swampsnare Trap,TLA,Avatar: The Last Airbender,120,normal,common,1,109709,6348b6bf-08a7-45f0-8b2d-2827ab89f21c,0.35,false,false,near_mint,es,USD,2026-09-02T19:27:22.041Z
caja negra,binder,Darkness Descends,ECL,Lorwyn Eclipsed,97,normal,uncommon,1,110839,c8aa3895-df83-4f8e-9e23-1a665614b662,0.35,false,false,near_mint,es,USD,2026-09-02T19:27:22.042Z
caja negra,binder,Murder,M19,Core Set 2019,110,normal,uncommon,1,1202,45368bf3-d5e9-43e6-a67d-93c2e93acc72,0.35,false,false,near_mint,es,USD,2026-09-02T19:27:22.043Z
caja negra,binder,Moment of Craving,FDN,Foundations,524,normal,common,1,97174,3627f9fb-b828-49cd-887d-e2ab3ef43dfb,0.35,false,false,near_mint,es,USD,2026-09-02T19:27:22.044Z
caja negra,binder,Settle the Score,DOM,Dominaria,103,normal,uncommon,1,2173,1b18558f-6b40-4d1d-859a-3ba68950f064,0.35,false,false,near_mint,es,USD,2026-09-02T19:27:22.045Z
caja negra,binder,Festerleech,MKM,Murders at Karlov Manor,85,normal,uncommon,1,91017,83a6fa37-8351-403b-ae05-b67e9bf74bbb,0.35,false,false,near_mint,es,USD,2026-09-02T19:27:22.046Z
caja negra,binder,Zombie Infestation,DMR,Dominaria Remastered,111,normal,uncommon,1,78183,ef2c8aca-3ade-46b0-8366-ab3b244eca01,0.35,false,false,near_mint,es,USD,2026-09-02T19:27:22.047Z
caja negra,binder,Avengers: Under Siege,MSH,Marvel Super Heroes,205,normal,rare,1,113638,3c379a3f-bde1-4dc1-9843-afcb5f40792f,0.49,false,false,near_mint,es,USD,2026-09-02T19:27:22.048Z
caja negra,binder,Body Launderer,SNC,Streets of New Capenna,68,normal,mythic,1,67652,24d7d77a-35b6-451a-af44-ecaf38facccb,2.29,false,false,near_mint,es,USD,2026-09-02T19:27:22.049Z
caja negra,binder,Butcher of Malakir,LCC,The Lost Caverns of Ixalan Commander,187,normal,rare,1,88739,9d805499-0739-403e-8447-ed2707dc9eb2,0.69,false,false,near_mint,es,USD,2026-09-02T19:27:22.050Z
caja negra,binder,Give In to Violence,DSK,Duskmourn: House of Horror,101,normal,common,1,98763,00ac1759-d4cc-41d5-a9b7-a89b80d2190c,0.35,false,false,near_mint,es,USD,2026-09-02T19:27:22.051Z
caja negra,binder,Send in the Pest,SOS,Secrets of Strixhaven,100,normal,common,1,112576,283b508b-89f0-4c23-9686-b049e402b73c,0.35,false,false,near_mint,es,USD,2026-09-02T19:27:22.052Z
caja negra,binder,Sanguine Bond,LTC,Tales of Middle-earth Commander,208,normal,rare,1,83122,61248b5d-3f4b-4329-a1af-7252443883a0,7.99,false,false,near_mint,es,USD,2026-09-02T19:27:22.053Z
caja negra,binder,"Syr Konrad, the Grim",DSC,Duskmourn: House of Horror Commander,158,normal,uncommon,1,99128,443a4eac-f972-4027-aed4-552d4edc2ce1,1.79,false,false,near_mint,es,USD,2026-09-02T19:27:22.054Z
caja negra,binder,Spiteful Visions,DSC,Duskmourn: House of Horror Commander,233,normal,rare,1,99111,3be610eb-790f-4f47-a92a-34fe704cc8e0,0.79,false,false,near_mint,es,USD,2026-09-02T19:27:22.055Z
caja negra,binder,Lessons from Life,TMT,Teenage Mutant Ninja Turtles,155,normal,uncommon,1,111182,0f886117-aff3-4db7-9cf5-7cbe94c8cd02,0.35,false,false,near_mint,es,USD,2026-09-02T19:27:22.056Z
caja negra,binder,Indulgent Aristocrat,INR,Innistrad Remastered,118,normal,uncommon,1,102407,07015524-874f-4856-a5c1-3148bd126886,0.39,false,false,near_mint,es,USD,2026-09-02T19:27:22.057Z
caja negra,binder,Bloodbond Vampire,E02,Explorers of Ixalan,15,normal,uncommon,1,3360,6c2b7878-d66a-437a-967d-d6070e425c2c,0.35,false,false,near_mint,es,USD,2026-09-02T19:27:22.058Z
caja negra,binder,Thirst for Identity,ECL,Lorwyn Eclipsed,79,normal,uncommon,1,110834,c3949f8c-d1c5-45c2-80ed-a57f4f9af86e,0.49,false,false,near_mint,es,USD,2026-09-02T19:27:22.059Z
caja negra,binder,Ruinous Waterbending,TLA,Avatar: The Last Airbender,118,normal,uncommon,1,109702,53161747-c82b-41e8-90ea-7791ea262a85,0.35,false,false,near_mint,es,USD,2026-09-02T19:27:22.060Z
caja negra,binder,Bastion of Remembrance,TDC,Tarkir: Dragonstorm Commander,171,normal,uncommon,1,104835,9d0c6077-f84c-4e91-87dc-b0ac81d557f8,0.99,false,false,near_mint,es,USD,2026-09-02T19:27:22.061Z
caja negra,binder,Vincent's Limit Break,FIN,Final Fantasy,126,normal,common,1,106499,0502c426-5271-4989-8598-5bc159afe79c,0.35,false,false,near_mint,es,USD,2026-09-02T19:27:22.062Z
caja negra,binder,Pain 101,TMT,Teenage Mutant Ninja Turtles,69,normal,common,1,111592,a1c70bf2-b2bd-4585-ba50-304f4dad8e62,0.35,false,false,near_mint,es,USD,2026-09-02T19:27:22.063Z
caja negra,binder,Elixir of Immortality,C21,Commander 2021,243,normal,uncommon,1,58798,6741ab27-9e1f-4aa5-96b9-b450eda7c5c2,0.99,false,false,near_mint,es,USD,2026-09-02T19:27:22.064Z
caja negra,binder,"Koh, the Face Stealer",TLA,Avatar: The Last Airbender,107,normal,mythic,1,109663,28f6fa32-5058-4c29-9ba8-9d8f2057eb6d,0.99,false,false,near_mint,es,USD,2026-09-02T19:27:22.065Z
caja negra,binder,Bloodtracker,LCC,The Lost Caverns of Ixalan Commander,186,normal,rare,1,88932,d654462f-5346-454f-9905-41218cf6b29e,0.49,false,false,near_mint,es,USD,2026-09-02T19:27:22.066Z
caja negra,binder,Sneering Shadewriter,SOS,Secrets of Strixhaven,101,normal,common,1,112608,4b4c120e-abe9-4f11-a7e4-bc3f723da4b2,0.35,false,false,near_mint,es,USD,2026-09-02T19:27:22.067Z
caja negra,binder,World Breaker,EOC,Edge of Eternities Commander,112,normal,mythic,1,107171,d25856c9-cb3d-44d9-905e-007f1af65c06,0.99,false,false,near_mint,es,USD,2026-09-02T19:27:22.068Z
caja negra,binder,Melancholic Poet,SOS,Secrets of Strixhaven,90,normal,common,1,112696,d8309815-7035-47a5-acf2-2b2ac1e65037,0.35,false,false,near_mint,es,USD,2026-09-02T19:27:22.069Z
caja negra,binder,Bile-Vial Boggart,ECL,Lorwyn Eclipsed,87,normal,common,1,110463,2c0fcf98-1f3c-4cff-9234-7f3d0c8b22e9,0.35,false,false,near_mint,es,USD,2026-09-02T19:27:22.070Z
caja negra,binder,Agents of HYDRA,MSH,Marvel Super Heroes,85,normal,common,1,113830,857fef2e-df1f-4ec6-a262-f6fa52389cf9,0.35,false,false,near_mint,es,USD,2026-09-02T19:27:22.071Z
caja negra,binder,Seymour Flux,FIN,Final Fantasy,558,normal,rare,1,106156,c5fdc78e-0815-443c-8c26-35387b6f4f37,0.69,false,false,near_mint,es,USD,2026-09-02T19:27:22.072Z
caja negra,binder,Patron of the Vein,LCC,The Lost Caverns of Ixalan Commander,207,normal,rare,1,88779,a70d7b65-77d0-41d3-9735-d64b9288fde1,0.59,false,false,near_mint,es,USD,2026-09-02T19:27:22.073Z
caja negra,binder,Moonstone Eulogist,BLC,Bloomburrow Commander,19,normal,rare,1,96176,13158f3b-9d85-4689-9afa-7d9a8a2d1b09,0.49,false,false,near_mint,es,USD,2026-09-02T19:27:22.074Z
caja negra,binder,"Timothar, Baron of Bats",LCC,The Lost Caverns of Ixalan Commander,210,normal,mythic,1,88618,7b01ecb8-02e2-4da2-8bf3-9c3753b23ba4,0.99,false,false,near_mint,es,USD,2026-09-02T19:27:22.075Z
caja negra,binder,Centaur Vinecrasher,EOC,Edge of Eternities Commander,94,normal,rare,1,107167,cf8712ba-574b-4e53-9c7e-0a1465116320,0.49,false,false,near_mint,es,USD,2026-09-02T19:27:22.076Z
caja negra,binder,Hazel of the Rootbloom,BLC,Bloomburrow Commander,2,normal,mythic,1,95746,1269ca79-907e-4932-9e77-a9a5d2929060,9.49,false,false,near_mint,es,USD,2026-09-02T19:27:22.077Z
caja negra,binder,Scarblade Scout,ECL,Lorwyn Eclipsed,118,normal,common,1,110833,c2412fea-4591-4345-913f-edc2da9ad975,0.35,false,false,near_mint,es,USD,2026-09-02T19:27:22.078Z
caja negra,binder,"Uurg, Spawn of Turg",EOC,Edge of Eternities Commander,127,normal,uncommon,1,107170,d1974536-9e4f-4808-9e49-a036ec7bf65c,0.35,false,false,near_mint,es,USD,2026-09-02T19:27:22.079Z
caja negra,binder,Loamcrafter Faun,EOC,Edge of Eternities Commander,99,normal,rare,1,106942,066de4d6-3fa4-44e0-ab02-8d97b603015a,0.49,false,false,near_mint,es,USD,2026-09-02T19:27:22.080Z
caja negra,binder,Aftermath Analyst,EOC,Edge of Eternities Commander,91,normal,uncommon,1,107046,66f135b4-8cb3-4a4e-86ae-81a3cf4b7259,1.79,false,false,near_mint,es,USD,2026-09-02T19:27:22.081Z
caja negra,binder,Path of Ancestry,SOC,Secrets of Strixhaven Commander,393,normal,common,1,112037,9335e773-4b45-4b91-8140-5159fe7e0395,0.35,false,false,near_mint,es,USD,2026-09-02T19:27:22.082Z
caja negra,binder,Daemogoth Woe-Eater,STX,Strixhaven: School of Mages,175,normal,uncommon,1,58317,c965cbe3-50e5-41bb-bdb9-e65d97aab716,0.79,false,false,near_mint,es,USD,2026-09-02T19:27:22.083Z
caja negra,binder,Skycoach Conductor // All Aboard,SOS,Secrets of Strixhaven,67,normal,rare,1,112441,4ecbca71-9a1d-44c5-b709-d6f565941d5e,0.49,false,false,near_mint,es,USD,2026-09-02T19:27:22.084Z
caja negra,binder,Depower,MSH,Marvel Super Heroes,50,normal,common,1,113626,36e9a6e9-1f9d-4860-97ee-f01e66f8eb4d,0.35,false,false,near_mint,es,USD,2026-09-02T19:27:22.085Z
caja negra,binder,Secret Identity,SPM,Marvel's Spider-Man,43,normal,uncommon,1,108632,37a31d84-e87b-406e-9249-fae1b5e23e72,0.39,false,false,near_mint,es,USD,2026-09-02T19:27:22.086Z
caja negra,binder,Quick Study,SOS,Secrets of Strixhaven,65,normal,common,1,112583,2d4f0bc7-da7c-4749-a24c-b01f3eb5860c,0.35,false,false,near_mint,es,USD,2026-09-02T19:27:22.087Z
caja negra,binder,"Chameleon, Master of Disguise",SPM,Marvel's Spider-Man,27,normal,uncommon,1,108511,43892ce7-f63a-4294-922b-8f879f684033,0.99,false,false,near_mint,es,USD,2026-09-02T19:27:22.088Z
caja negra,binder,Ratadrabik of Urborg,DMU,Dominaria United,312,normal,rare,1,71439,50ebcd93-672f-404a-8e4d-28713e9e611b,0.99,false,false,near_mint,es,USD,2026-09-02T19:27:22.089Z
caja negra,binder,Visions of Villainy,MSH,Marvel Super Heroes,120,normal,common,1,114092,f8f1e4f9-7415-437f-b694-ecbdd76db114,0.35,false,false,near_mint,es,USD,2026-09-02T19:27:22.090Z
caja negra,binder,Rabid Attack,SOS,Secrets of Strixhaven,96,normal,uncommon,1,112714,f5e67560-3135-4b27-a344-5859edf8bcd9,0.35,false,false,near_mint,es,USD,2026-09-02T19:27:22.091Z
caja negra,binder,Echoing Deeps,LCI,The Lost Caverns of Ixalan,346,normal,rare,1,88883,c6392d30-07c4-4c63-acb4-ad12d08c080b,0.59,false,false,near_mint,es,USD,2026-09-02T19:27:22.092Z
caja negra,binder,"Splinter, the Mentor",TMC,Teenage Mutant Ninja Turtles Eternal,3,normal,mythic,1,109270,06c595fa-55ff-46f3-afaf-17edae465864,4.49,false,false,near_mint,es,USD,2026-09-02T19:27:22.093Z
caja negra,binder,"Arnim Zola, Bio-Fanatic",MSH,Marvel Super Heroes,86,normal,uncommon,1,113525,07c70df6-b064-424a-852e-201b312a5b54,0.35,false,false,near_mint,es,USD,2026-09-02T19:27:22.094Z
caja negra,binder,Perforating Artist,FDN,Foundations,124,normal,uncommon,1,100674,72980409-53f0-43c1-965e-06f22e7bb608,0.39,false,false,near_mint,es,USD,2026-09-02T19:27:22.095Z
caja negra,binder,Run Behind,SOS,Secrets of Strixhaven,66,normal,common,1,112601,40ecc34b-4cd0-4998-bbf4-7faa6fd3d7e0,0.35,false,false,near_mint,es,USD,2026-09-02T19:27:22.096Z
caja negra,binder,Battle Hymn,AVR,Avacyn Restored,128,normal,common,1,18150,43b5d46e-7054-44f8-9a14-b412f2f0ab86,2.49,false,false,near_mint,es,USD,2026-09-02T19:27:22.097Z
caja negra,binder,Duty Beyond Death,SOA,Secrets of Strixhaven Mystical Archive,4,normal,uncommon,1,111803,6f8f8183-d17a-41b8-b3b5-914f193fd964,0.35,false,false,near_mint,es,USD,2026-09-02T19:27:22.098Z
caja negra,binder,Team Tactics,MSH,Marvel Super Heroes,155,normal,uncommon,1,114026,db1c7a71-3d01-4f2a-9b25-2a19bb0d1a56,0.35,false,false,near_mint,es,USD,2026-09-02T19:27:22.099Z
caja negra,binder,Feed the Flames,ECL,Lorwyn Eclipsed,137,normal,common,1,110753,59740755-c353-4b6c-a84c-3b76133ce3ec,0.35,false,false,near_mint,es,USD,2026-09-02T19:27:22.100Z
caja negra,binder,Extinguisher Battleship,EOE,Edge of Eternities,242,normal,rare,1,107022,5541cdd2-84a6-4667-83eb-fffbe5b3cd3d,0.99,false,false,near_mint,es,USD,2026-09-02T19:27:22.101Z
caja negra,binder,Golden Guardian // Gold-Forge Garrison,RIX,Rivals of Ixalan,179,normal,rare,1,2839,397ba02d-f347-46f7-b028-dd4ba55faa2f,2.79,false,false,near_mint,es,USD,2026-09-02T19:27:22.102Z
caja negra,binder,Blitzball,FIN,Final Fantasy,254,normal,common,1,106723,92f4ad73-42bf-45c0-8bb6-0b44043c81ef,0.35,false,false,near_mint,es,USD,2026-09-02T19:27:22.103Z
caja negra,binder,Arcane Signet,EOC,Edge of Eternities Commander,53,normal,common,1,107001,3d994115-378d-4685-a5dc-e448831da434,0.99,false,false,near_mint,es,USD,2026-09-02T19:27:22.104Z
caja negra,binder,White Lotus Tile,TLA,Avatar: The Last Airbender,262,normal,mythic,1,109392,1d70f9ec-fdc1-4219-b89b-c030d712c1fc,6.99,false,false,near_mint,es,USD,2026-09-02T19:27:22.105Z
caja negra,binder,Rapier Wit,SOS,Secrets of Strixhaven,28,normal,common,1,112482,97b50521-5a0f-4dbd-8e15-f0f0d059c258,0.35,false,false,near_mint,es,USD,2026-09-02T19:27:22.106Z
caja negra,binder,Dictate of Heliod,C15,Commander 2015,68,normal,rare,1,9968,f964c561-96ac-4558-b46e-ba2c472d5807,0.49,false,false,near_mint,es,USD,2026-09-02T19:27:22.107Z
caja negra,binder,Zuko's Exile,TLA,Avatar: The Last Airbender,3,normal,common,1,109489,9090b055-3406-4fed-a8c6-3f6353a9600e,0.35,false,false,near_mint,es,USD,2026-09-02T19:27:22.108Z
caja negra,binder,Tanufel Rimespeaker,ECL,Lorwyn Eclipsed,77,normal,uncommon,1,110822,b357022c-7cd5-4e82-a183-7144f5a84102,0.35,false,false,near_mint,es,USD,2026-09-02T19:27:22.109Z
caja negra,binder,Monoist Sentry,EOE,Edge of Eternities,111,normal,uncommon,1,107753,acc503e2-5c3a-4200-beb0-7d193d6c869e,0.35,false,false,near_mint,es,USD,2026-09-02T19:27:22.110Z
caja negra,binder,Diregraf Ghoul,FDN,Foundations,171,normal,uncommon,1,100439,4682012c-d7e0-4257-b538-3de497507464,0.35,false,false,near_mint,es,USD,2026-09-02T19:27:22.111Z
caja negra,binder,"Mai, Scornful Striker",TLA,Avatar: The Last Airbender,109,normal,rare,1,109465,74dd4c0e-27b8-4c47-b7a6-a281413cd6b4,1.79,false,false,near_mint,es,USD,2026-09-02T19:27:22.112Z
caja negra,binder,Common Crook,SPM,Marvel's Spider-Man,53,normal,common,1,108535,6f5872df-e692-44aa-b18d-22447f5f274c,0.35,false,false,near_mint,es,USD,2026-09-02T19:27:22.113Z
caja negra,binder,Timeline Culler,EOE,Edge of Eternities,121,normal,uncommon,1,106991,33410410-72f2-49c4-9e63-a72202cd075a,0.69,false,false,near_mint,es,USD,2026-09-02T19:27:22.114Z
caja negra,binder,Blossombind,ECL,Lorwyn Eclipsed,45,normal,common,1,110479,382b83c0-bbbc-4db8-bc04-cfea79aed1b3,0.35,false,false,near_mint,es,USD,2026-09-02T19:27:22.115Z
caja negra,binder,Order of Sacred Dusk,LCC,The Lost Caverns of Ixalan Commander,97,normal,rare,1,88389,32f34099-c6ff-49d2-911a-23ab806c77e9,0.49,false,false,near_mint,es,USD,2026-09-02T19:27:22.116Z
caja negra,binder,Soul-Shackled Zombie,FDN,Foundations,70,normal,common,1,101609,deea5690-6eb2-4353-b917-cbbf840e4e71,0.35,false,false,near_mint,es,USD,2026-09-02T19:27:22.117Z
caja negra,binder,Hungry Ghoul,FDN,Foundations,62,normal,common,1,100701,790f9433-7565-4f7f-88e8-8af762ea0296,0.35,false,false,near_mint,es,USD,2026-09-02T19:27:22.118Z
caja negra,binder,Sanitarium Skeleton,INR,Innistrad Remastered,129,normal,common,1,102424,119020b3-9d26-4153-b7b9-28375f7fa915,0.35,false,false,near_mint,es,USD,2026-09-02T19:27:22.119Z
caja negra,binder,Goldvein Pick,FDN,Foundations,253,normal,common,1,101572,a241317d-2277-467e-a8f9-aa71c944e244,0.49,false,false,near_mint,es,USD,2026-09-02T19:27:22.120Z
caja negra,binder,Black Cat,M15,Magic 2015,86,normal,common,1,13766,32efcfad-818c-4485-9022-cf94403f370b,0.35,false,false,near_mint,es,USD,2026-09-02T19:27:22.121Z
caja negra,binder,Guul Draz Overseer,BFZ,Battle for Zendikar,112,normal,rare,1,10239,793bb4e0-8fdd-440e-9e6e-92a899794cae,0.49,false,false,near_mint,es,USD,2026-09-02T19:27:22.122Z
caja negra,binder,Riveteers Overlook,ECC,Lorwyn Eclipsed Commander,162,normal,common,1,110516,65ce9590-87c0-4057-bddb-fadc0de552f6,0.69,false,false,near_mint,es,USD,2026-09-02T19:27:22.123Z
caja negra,binder,"Josu Vess, Lich Knight",MOC,March of the Machine Commander,253,normal,rare,1,81588,30553f61-6edf-4e7b-b60f-b8f62ca2bcad,0.49,false,false,near_mint,es,USD,2026-09-02T19:27:22.125Z
caja negra,binder,Behold the Sinister Six!,SPM,Marvel's Spider-Man,51,normal,mythic,1,108430,1919bfec-1906-4178-ad32-d4589842e563,3.99,false,false,near_mint,es,USD,2026-09-02T19:27:22.126Z
caja negra,binder,Marionette Master,AFC,Forgotten Realms Commander,102,normal,rare,1,60885,dd21a925-c76f-4c1d-b5b8-8d3352730e5f,3.49,false,false,near_mint,es,USD,2026-09-02T19:27:22.127Z
caja negra,binder,Mornsong Aria,ECL,Lorwyn Eclipsed,111,normal,rare,1,110378,9985c554-8338-46b1-ac36-526d2eb61570,0.49,false,false,near_mint,es,USD,2026-09-02T19:27:22.129Z
caja negra,binder,Evil Reawakened,FIN,Final Fantasy,98,normal,uncommon,1,106300,eb98cbc3-749c-44f4-974c-00be1286d69e,0.35,false,false,near_mint,es,USD,2026-09-02T19:27:22.130Z
caja negra,binder,"Alesha, Who Laughs at Fate",FDN,Foundations,115,normal,rare,1,100953,a93e3406-4e29-4bc0-ae52-cbd2ac1f99a4,2.99,false,false,near_mint,es,USD,2026-09-02T19:27:22.131Z
caja negra,binder,Hazel's Brewmaster,BLC,Bloomburrow Commander,17,normal,rare,1,96284,52af8b70-a9c8-40d7-99da-fa51dc293688,5.99,false,false,near_mint,es,USD,2026-09-02T19:27:22.132Z
caja negra,binder,Swarmyard Massacre,BLC,Bloomburrow Commander,20,normal,rare,1,96364,8486f472-afad-4fdd-a57a-d20d8871b543,5.49,false,false,near_mint,es,USD,2026-09-02T19:27:22.133Z
caja negra,binder,Insatiable Frugivore,BLC,Bloomburrow Commander,18,normal,rare,1,96232,2ef58a8f-ce72-40c2-b032-818cc16267ce,0.49,false,false,near_mint,es,USD,2026-09-02T19:27:22.134Z
caja negra,binder,"Tymaret, the Murder King",THS,Theros,207,normal,rare,1,15457,4c4ce848-a57d-4e88-8093-9fb1408523bc,0.49,false,false,near_mint,es,USD,2026-09-02T19:27:22.135Z
caja negra,binder,Command the Dreadhorde,WAR,War of the Spark,82,normal,rare,1,44322,de7ec307-45e0-4853-85fe-9ce859b188c2,1.29,false,false,near_mint,es,USD,2026-09-02T19:27:22.136Z
caja negra,binder,"Lightning, Security Sergeant",FIN,Final Fantasy,560,normal,rare,1,105920,4ad4dce3-6e43-4528-b570-85547d03164e,0.79,false,false,near_mint,es,USD,2026-09-02T19:27:22.137Z
caja negra,binder,Suplex,FIN,Final Fantasy,164,normal,common,1,106376,f61693a2-7042-44e0-85ba-9bf12ab94e7e,0.35,false,false,near_mint,es,USD,2026-09-02T19:27:22.138Z
caja negra,binder,Escape Tunnel,EOC,Edge of Eternities Commander,157,normal,common,1,107110,a0335da5-d754-480d-89d9-be6b8ca33fda,0.35,false,false,near_mint,es,USD,2026-09-02T19:27:22.139Z
caja negra,binder,Maestros Theater,EOC,Edge of Eternities Commander,167,normal,common,1,107175,d4087ba6-8227-4ec3-a989-0833ad6c8788,0.39,false,false,near_mint,es,USD,2026-09-02T19:27:22.140Z
caja negra,binder,Trading Post,CM2,Commander Anthology Volume II,225,normal,rare,1,1512,1ae64bb3-115a-4c68-99c9-a45b6f788b80,0.49,false,false,near_mint,es,USD,2026-09-02T19:27:22.141Z
caja negra,binder,Phylactery Lich,M19,Core Set 2019,113,normal,rare,1,1199,a6e359c3-2a18-4240-b38a-216372161cd8,0.49,false,false,near_mint,es,USD,2026-09-02T19:27:22.142Z
caja negra,binder,Aang's Journey,TLA,Avatar: The Last Airbender,1,normal,common,1,108119,5e51f727-5a9b-4bc7-83a9-dbcf1c933e15,0.35,false,false,near_mint,es,USD,2026-09-02T19:27:22.143Z
caja negra,binder,Tonberry,FIN,Final Fantasy,122,normal,uncommon,1,103781,1a9b8723-4383-4c14-b24d-52863af8703d,0.35,false,false,near_mint,es,USD,2026-09-02T19:27:22.144Z
caja negra,binder,Myriad Landscape,EOC,Edge of Eternities Commander,169,normal,uncommon,1,107112,a0e2098f-1d94-491a-a7e9-a45a9f69e3a8,0.79,false,false,near_mint,es,USD,2026-09-02T19:27:22.146Z
caja negra,binder,Demolition Field,FDN,Foundations,687,normal,uncommon,1,100150,0c7e51b6-4898-4632-b39c-3ce438caa882,0.79,false,false,near_mint,es,USD,2026-09-02T19:27:22.147Z
caja negra,binder,Field of Ruin,XLN,Ixalan,254,normal,uncommon,1,3758,d72afb21-7bb0-4fd8-a529-ada92a654f61,0.59,false,false,near_mint,es,USD,2026-09-02T19:27:22.148Z
caja negra,binder,Volatile Fault,M3C,Modern Horizons 3 Commander,407,normal,uncommon,1,95045,d9a42082-615c-4387-a77c-97ee94153c57,0.49,false,false,near_mint,es,USD,2026-09-02T19:27:22.149Z
caja negra,binder,Warped Landscape,C18,Commander 2018,291,normal,common,1,552,3d313741-af67-47fd-9beb-8abc7d554715,0.35,false,false,near_mint,es,USD,2026-09-02T19:27:22.150Z
caja negra,binder,"Klaw, Sonic Subjugator",MSH,Marvel Super Heroes,103,normal,uncommon,1,113980,c79a86f8-24e9-49a2-8b1c-72a72fed1985,0.35,false,false,near_mint,es,USD,2026-09-02T19:27:22.151Z
caja negra,binder,Changeling Wayfinder,ECL,Lorwyn Eclipsed,1,normal,common,1,110764,6c6061aa-a4da-4115-85b6-d0aa22f2386c,0.35,false,false,near_mint,es,USD,2026-09-02T19:27:22.152Z
caja negra,binder,Nadier's Nightblade,BLC,Bloomburrow Commander,184,normal,uncommon,1,96432,b533e358-3b30-4719-a2a3-13fb9ea817c6,0.59,false,false,near_mint,es,USD,2026-09-02T19:27:22.153Z
caja negra,binder,Undying Malice,FDN,Foundations,528,normal,common,1,100858,97b3cf11-e352-4ee1-8c03-13898f576ef9,0.99,false,false,near_mint,es,USD,2026-09-02T19:27:22.155Z
caja negra,binder,Project Deathlok Soldier,MSH,Marvel Super Heroes,109,normal,common,1,113724,5c21a120-4ec7-46ec-974a-2204edb92abb,0.35,false,false,near_mint,es,USD,2026-09-02T19:27:22.156Z
caja negra,binder,Vampire Nighthawk,FDN,Foundations,186,normal,uncommon,1,101474,0a1934ab-3171-4fc6-8033-ad998899ba73,0.39,false,false,near_mint,es,USD,2026-09-02T19:27:22.157Z
caja negra,binder,Negate,TMT,Teenage Mutant Ninja Turtles,47,normal,common,1,111242,52d58fe4-6070-4022-9cd7-c35a11b44525,0.35,false,false,near_mint,es,USD,2026-09-02T19:27:22.158Z
caja negra,binder,Gideon's Sacrifice,MKC,Murders at Karlov Manor Commander,68,normal,common,1,90540,d483b409-1853-4456-a077-daeb77e165ba,0.35,false,false,near_mint,es,USD,2026-09-02T19:27:22.159Z
caja negra,binder,Indulging Patrician,TDC,Tarkir: Dragonstorm Commander,292,normal,uncommon,1,104850,a2c1765c-0054-4c9f-a6b3-5e54189b44c3,0.39,false,false,near_mint,es,USD,2026-09-02T19:27:22.160Z
caja negra,binder,"Carmen, Cruel Skymarcher",LCC,The Lost Caverns of Ixalan Commander,5,normal,mythic,1,88866,c0e07f8a-5290-47c4-a93d-0c3a14afebd3,9.49,false,false,near_mint,es,USD,2026-09-02T19:27:22.161Z
caja negra,binder,Tainted Wood,DSC,Duskmourn: House of Horror Commander,305,normal,uncommon,1,99116,3da7ab6b-b10a-4786-b1eb-92de7e66690e,0.99,false,false,near_mint,es,USD,2026-09-02T19:27:22.162Z
caja negra,binder,Great Arashin City,TDM,Tarkir: Dragonstorm,257,normal,rare,1,105033,ecba23b6-9f3a-431e-bc22-f1fb04d27b68,0.49,false,false,near_mint,es,USD,2026-09-02T19:27:22.163Z
caja negra,binder,Cauldron of Essence,SOS,Secrets of Strixhaven,179,normal,rare,1,112501,b7091740-e70c-4cf2-8d3d-b8e1ac1fbbdd,3.99,false,false,near_mint,es,USD,2026-09-02T19:27:22.164Z
caja negra,binder,We Say Thee Nay!,MSH,Marvel Super Heroes,82,normal,common,1,113548,13b70321-75bd-4d44-b9f6-5f062a5dda0f,0.35,false,false,near_mint,es,USD,2026-09-02T19:27:22.165Z
caja negra,binder,Exploration Broodship,EOC,Edge of Eternities Commander,14,normal,rare,1,107036,61596da3-2a0e-47d9-b707-8db4cce2479d,5.99,false,false,near_mint,es,USD,2026-09-02T19:27:22.166Z
caja negra,binder,Preposterous Proportions,FDN,Foundations,109,normal,rare,1,100983,acb65189-60e4-42e0-9fb1-da6b716b91d7,1.99,false,false,near_mint,es,USD,2026-09-02T19:27:22.167Z
caja negra,binder,Golgari Rot Farm,ECC,Lorwyn Eclipsed Commander,151,normal,uncommon,1,110488,42486edd-24b7-4299-84fa-50559917b2a8,0.59,false,false,near_mint,es,USD,2026-09-02T19:27:22.168Z
caja negra,binder,End-Raze Forerunners,BLC,Bloomburrow Commander,214,normal,rare,1,96332,6e4566f9-a6f5-420e-8ab8-ca505facc3d9,0.99,false,false,near_mint,es,USD,2026-09-02T19:27:22.169Z
caja negra,binder,Teacher's Pest,SOS,Secrets of Strixhaven,238,normal,uncommon,1,112171,eaa358ac-761d-4507-aa15-3d4684027207,0.35,false,false,near_mint,es,USD,2026-09-02T19:27:22.170Z
caja negra,binder,Pact of the Serpent,LCC,The Lost Caverns of Ixalan Commander,206,normal,rare,1,88460,481d268a-848c-4ccd-95ff-eed77dc20776,2.29,false,false,near_mint,es,USD,2026-09-02T19:27:22.171Z
caja negra,binder,Secret Tunnel,TLA,Avatar: The Last Airbender,278,normal,rare,1,109406,2d39a0e1-6484-409c-ab05-5b276925a949,3.99,false,false,near_mint,es,USD,2026-09-02T19:27:22.172Z
caja negra,binder,"Evendo, Waking Haven",EOE,Edge of Eternities,253,normal,mythic,1,107398,2fa09104-acbe-4410-b101-2fe6ac28efde,27.99,false,false,near_mint,es,USD,2026-09-02T19:27:22.173Z
caja negra,binder,Manamorphose,SPG,Special Guests,142,normal,mythic,1,110427,fbbc184e-e74f-4f9d-87d2-b19973d84fbb,15.99,false,false,near_mint,es,USD,2026-09-02T19:27:22.174Z
caja negra,binder,Living End,TSR,Time Spiral Remastered,121,normal,mythic,1,57809,b1eede29-17a4-437f-a5c2-e24cccbc6a33,2.99,false,false,near_mint,es,USD,2026-09-02T19:27:22.175Z
caja negra,binder,Starfield Shepherd,EOE,Edge of Eternities,37,normal,uncommon,1,106954,1226e575-aa78-4c68-be1d-6e5c2dc6315b,0.49,false,false,near_mint,es,USD,2026-09-02T19:27:22.176Z
caja negra,binder,Snakeskin Veil,CMM,Commander Masters,323,normal,common,1,84179,2ad012c2-e6d9-448f-b204-14a2c55ff74f,0.39,false,false,near_mint,es,USD,2026-09-02T19:27:22.177Z
caja negra,binder,Call to the Feast,2X2,Double Masters 2022,190,normal,common,1,70514,cf31f32f-bbca-4e70-93ca-f74c20202939,0.35,false,false,near_mint,es,USD,2026-09-02T19:27:22.178Z
caja negra,binder,Queen's Commission,XLN,Ixalan,29,normal,common,1,3983,f06c0007-299e-4d71-99c3-f905d942759d,0.35,false,false,near_mint,es,USD,2026-09-02T19:27:22.179Z
caja negra,binder,Redemption Choir,LCC,The Lost Caverns of Ixalan Commander,74,normal,rare,1,88722,981dcacb-24a3-43bb-bb64-2b227f31dc3e,0.99,false,false,near_mint,es,USD,2026-09-02T19:27:22.180Z
caja negra,binder,Liliana of the Veil,UMA,Ultimate Masters,104,normal,mythic,1,43213,e653437e-2e56-4443-aec5-5bb7d8860238,8.99,false,false,near_mint,es,USD,2026-09-02T19:27:22.181Z
caja negra,binder,"Svella, Ice Shaper",KHM,Kaldheim,230,normal,uncommon,1,57025,a7054d48-5ed3-43a1-85e5-9f306b081b4f,0.35,false,false,near_mint,es,USD,2026-09-02T19:27:22.182Z
caja negra,binder,Vraska Joins Up,OTJ,Outlaws of Thunder Junction,236,normal,rare,1,93034,06e546c2-737e-4b17-bf60-3069b1ccdf31,1.79,false,false,near_mint,es,USD,2026-09-02T19:27:22.183Z
caja negra,binder,"Rhys, the Evermore",ECL,Lorwyn Eclipsed,32,normal,rare,1,110385,a7072412-4aa2-40ef-a267-bd717551a42b,0.49,false,false,near_mint,es,USD,2026-09-02T19:27:22.184Z
caja negra,binder,Swift Reconfiguration,NEC,Neon Dynasty Commander,10,normal,rare,1,66948,975dcfab-0281-4fee-92aa-021ea6c524c7,5.49,false,false,near_mint,es,USD,2026-09-02T19:27:22.185Z
caja negra,binder,Personify,ECL,Lorwyn Eclipsed,28,normal,uncommon,1,110299,1172582d-fb2d-4022-95b1-e48b03df3a95,0.39,false,false,near_mint,es,USD,2026-09-02T19:27:22.186Z
caja negra,binder,"Tam, Mindful First-Year",ECL,Lorwyn Eclipsed,245,normal,rare,1,110765,6cb0f825-b75b-4f2a-803c-08142ca07e76,0.49,false,false,near_mint,es,USD,2026-09-02T19:27:22.187Z
caja negra,binder,Fatal Fissure,TLA,Avatar: The Last Airbender,97,normal,uncommon,1,109671,3343933d-4425-4ede-8d92-876bd0c6df60,0.35,false,false,near_mint,es,USD,2026-09-02T19:27:22.188Z
caja negra,binder,Grim Backwoods,SOC,Secrets of Strixhaven Commander,377,normal,rare,1,111954,606c5f42-fe5f-4dcd-b8f4-b67beabe3f0a,0.49,false,false,near_mint,es,USD,2026-09-02T19:27:22.189Z
caja negra,binder,Festering Thicket,SOC,Secrets of Strixhaven Commander,371,normal,rare,1,112191,f71c87db-54ea-4611-8692-096d9714d854,0.69,false,false,near_mint,es,USD,2026-09-02T19:27:22.190Z
caja negra,binder,Second Harvest,BLC,Bloomburrow Commander,123,normal,rare,1,96195,1ee78a73-10af-461a-9fd3-962fc1f0ccb0,6.49,false,false,near_mint,es,USD,2026-09-02T19:27:22.191Z
caja negra,binder,Explore,BLC,Bloomburrow Commander,216,normal,common,1,96187,18e5fdee-1ec4-44a2-b84c-35897f1d2912,0.49,false,false,near_mint,es,USD,2026-09-02T19:27:22.192Z
caja negra,binder,Postmortem Professor,SOS,Secrets of Strixhaven,93,normal,rare,1,112566,174f5d7e-5d36-4d13-96bf-9b12cd644716,0.49,false,false,near_mint,es,USD,2026-09-02T19:27:22.193Z
caja negra,binder,Vernal Fen,SOC,Secrets of Strixhaven Commander,419,normal,rare,1,111826,0466cf57-bb3e-4359-8fe8-d6cc1288fdc6,1.29,false,false,near_mint,es,USD,2026-09-02T19:27:22.194Z
caja negra,binder,Mutavault,CLB,Commander Legends: Battle for Baldur's Gate,903,normal,rare,1,69516,52cc2f10-142d-4e6a-984e-b25f566cc960,6.99,false,false,near_mint,es,USD,2026-09-02T19:27:22.195Z
caja negra,binder,Farseek,EOC,Edge of Eternities Commander,50,normal,common,1,107097,95e0760a-d285-493b-88cd-7556d9b10007,1.79,false,false,near_mint,es,USD,2026-09-02T19:27:22.196Z
caja negra,binder,Metallic Mimic,PZA,Teenage Mutant Ninja Turtles Source Material,16,normal,mythic,1,111222,443b0960-a490-4287-80d9-2bfa0bdbea51,2.79,false,false,near_mint,es,USD,2026-09-02T19:27:22.197Z
caja negra,binder,Weather Maker,TMT,Teenage Mutant Ninja Turtles,182,normal,rare,1,110945,aaba62c1-760b-491b-8047-869bb1d3f67e,0.49,false,false,near_mint,es,USD,2026-09-02T19:27:22.198Z
caja negra,binder,Trystan's Command,ECL,Lorwyn Eclipsed,247,normal,rare,1,110826,ba1d99ca-740a-481a-be89-615e40d56d06,0.49,false,false,near_mint,es,USD,2026-09-02T19:27:22.199Z
caja negra,binder,Unbury,ECL,Lorwyn Eclipsed,123,normal,uncommon,1,110819,b00766db-4109-4225-a62a-fa12fd526970,0.39,false,false,near_mint,es,USD,2026-09-02T19:27:22.200Z
caja negra,binder,Eumidian Hatchery,EOC,Edge of Eternities Commander,20,normal,rare,1,106976,25b57aaf-04fa-463d-8516-40fccd24d6ed,0.79,false,false,near_mint,es,USD,2026-09-02T19:27:22.201Z
caja negra,binder,Anticausal Vestige,EOE,Edge of Eternities,1,normal,rare,1,106995,35372b69-6086-44e0-9f7c-681e362e5142,2.29,false,false,near_mint,es,USD,2026-09-02T19:27:22.202Z
caja negra,binder,Quill-Blade Laureate // Twofold Intent,SOS,Secrets of Strixhaven,27,normal,uncommon,1,112450,62a47835-5719-48c4-a740-a0c5f00dce11,0.35,false,false,near_mint,es,USD,2026-09-02T19:27:22.203Z
caja negra,binder,Firdoch Core,ECL,Lorwyn Eclipsed,255,normal,common,1,110788,8e45cd37-bf97-4742-978d-96f96ed653cd,0.69,false,false,near_mint,es,USD,2026-09-02T19:27:22.204Z
caja negra,binder,Thunderbolts Conspiracy,MSH,Marvel Super Heroes,117,normal,rare,1,110075,f498c1a4-54d2-4e87-952f-8cf7e408930c,0.49,false,false,near_mint,es,USD,2026-09-02T19:27:22.205Z
caja negra,binder,Super-Skrull,MSH,Marvel Super Heroes,115,normal,rare,1,110042,11fc8221-756a-4919-9272-38793e9c1ad9,0.49,false,false,near_mint,es,USD,2026-09-02T19:27:22.206Z
caja negra,binder,Scathing Shadelock // Venomous Words,SOS,Secrets of Strixhaven,98,normal,uncommon,1,112558,03e664cd-c3a6-4263-b2d8-dd99058fb8ec,0.35,false,false,near_mint,es,USD,2026-09-02T19:27:22.207Z
caja negra,binder,Northern Air Temple,TLA,Avatar: The Last Airbender,111,normal,uncommon,1,109370,06b7675e-e665-49cb-a8d9-7092a654d464,0.35,false,false,near_mint,es,USD,2026-09-02T19:27:22.208Z
caja negra,binder,Evolving Wilds,EOC,Edge of Eternities Commander,158,normal,common,1,106990,31181bd2-3a1f-4cb9-ba30-637ac479133a,0.35,false,false,near_mint,es,USD,2026-09-02T19:27:22.209Z
caja negra,binder,Sigiled Sword of Valeron,MOC,March of the Machine Commander,377,normal,rare,1,81659,4ce8022a-40f7-4f9d-8d2f-057e21798114,0.69,false,false,near_mint,es,USD,2026-09-02T19:27:22.210Z
caja negra,binder,"Gisa, the Hellraiser",OTJ,Outlaws of Thunder Junction,288,normal,mythic,1,93122,37c1ad56-cf6e-4717-a56e-feeb7339b8c3,9.49,false,false,near_mint,es,USD,2026-09-02T19:27:22.211Z
caja negra,binder,Martyr of Dusk,LCC,The Lost Caverns of Ixalan Commander,132,normal,common,1,88921,d32e68b4-2584-4b1c-9268-642e3678bae7,0.35,false,false,near_mint,es,USD,2026-09-02T19:27:22.212Z
caja negra,binder,Vampire Aristocrat,MM3,Modern Masters 2017,86,normal,common,1,6127,7f9a6d22-2e87-410c-b42a-6b54d83a7d30,0.35,false,false,near_mint,es,USD,2026-09-02T19:27:22.213Z
caja negra,binder,Bloodline Necromancer,LCC,The Lost Caverns of Ixalan Commander,185,normal,uncommon,1,88571,6b1e719c-4679-4cf0-8ca4-ae740eb0ba92,0.79,false,false,near_mint,es,USD,2026-09-02T19:27:22.214Z
caja negra,binder,"Elas il-Kor, Sadistic Pilgrim",DMU,Dominaria United,297,normal,uncommon,1,71446,552fbde6-515d-457e-81c9-d67157eaaf37,2.29,false,false,near_mint,es,USD,2026-09-02T19:27:22.215Z
caja negra,binder,Canyon Crawler,TLA,Avatar: The Last Airbender,90,normal,common,2,109668,30a30bfb-f0f3-425b-b37d-20079ee27046,0.35,false,false,near_mint,es,USD,2026-09-02T19:27:22.124Z
caja negra,binder,Dread Return,CMM,Commander Masters,153,normal,common,2,84222,34a87901-98bb-41dd-b566-bcb510c20022,0.35,false,false,near_mint,es,USD,2026-09-02T19:27:22.145Z
caja negra,binder,Keep Out,ECL,Lorwyn Eclipsed,19,normal,common,1,110741,4ab1601c-634c-4f21-8926-ba3cb92008c1,0.35,false,false,near_mint,es,USD,2026-09-02T20:20:08.534Z
caja negra,binder,Night's Whisper,EOC,Edge of Eternities Commander,85,normal,common,1,107050,67bdba19-c74a-462d-9e51-4fd7f0a6a2c3,0.99,false,false,near_mint,es,USD,2026-09-02T20:20:08.535Z
caja negra,binder,Red Hulk,MSH,Marvel Super Heroes,329,normal,uncommon,1,113814,7e623818-838b-4c02-a23a-498cf18d70d6,0.35,false,false,near_mint,es,USD,2026-09-02T20:20:08.536Z
caja negra,binder,Retreat to Hagra,C18,Commander 2018,116,normal,uncommon,1,727,c80046c2-021f-448c-9f54-2a1a100ec0aa,0.99,false,false,near_mint,es,USD,2026-09-02T20:20:08.537Z
caja negra,binder,Havoc Jester,CLU,Ravnica: Clue Edition,138,normal,uncommon,1,90797,39fb5187-a315-4a6d-9435-67db30c06c55,0.35,false,false,near_mint,es,USD,2026-09-02T20:20:08.538Z
caja negra,binder,Zektar Shrine Expedition,ZEN,Zendikar,155,normal,common,1,22469,f12d2c01-0ef2-40e6-8c7d-8512e2c8c074,0.35,false,false,near_mint,es,USD,2026-09-02T20:20:08.539Z
caja negra,binder,Pyretic Ritual,M11,Magic 2011,153,normal,common,1,21236,1e577638-a7ed-4bcc-90fb-0cffe87d5a28,7.49,false,false,near_mint,es,USD,2026-09-02T20:20:08.540Z
caja negra,binder,Glen Elendra Guardian,ECL,Lorwyn Eclipsed,51,normal,rare,1,110723,388d2e4a-0aa5-4b82-a86c-4777ca60161c,0.69,false,false,near_mint,es,USD,2026-09-02T20:20:08.541Z
caja negra,binder,Dual-Sun Technique,EOE,Edge of Eternities,13,normal,uncommon,1,107583,f8931132-391f-4f16-b480-0a245ab2ec21,0.35,false,false,near_mint,es,USD,2026-09-02T20:20:08.542Z
caja negra,binder,"Judith, the Scourge Diva",CMM,Commander Masters,341,normal,uncommon,1,84934,d6fb929c-1b8d-4d1d-aa69-ac6189cd7ebf,0.49,false,false,near_mint,es,USD,2026-09-02T20:20:08.543Z
caja negra,binder,Summon: Fenrir,FIN,Final Fantasy,203,normal,uncommon,1,105669,93feb9d5-d004-4598-a448-b3488c869c05,1.29,false,false,near_mint,es,USD,2026-09-02T20:20:08.544Z
caja negra,binder,"Juri, Master of the Revue",EOC,Edge of Eternities Commander,119,normal,uncommon,1,107018,5006eae5-3b77-45ab-a907-f5094b2eaf1f,0.39,false,false,near_mint,es,USD,2026-09-02T20:20:08.545Z
caja negra,binder,Zoyowa Lava-Tongue,LCI,The Lost Caverns of Ixalan,245,normal,uncommon,1,88865,c06f0ff2-d42f-4854-bbe5-4b022fb26d7d,0.35,false,false,near_mint,es,USD,2026-09-02T20:20:08.546Z
caja negra,binder,"Ziatora, the Incinerator",M3C,Modern Horizons 3 Commander,279,normal,mythic,1,95090,1cc4c087-2996-4436-b2b4-21acd25375db,0.99,false,false,near_mint,es,USD,2026-09-02T20:20:08.547Z
caja negra,binder,Lashwhip Predator,EOE,Edge of Eternities,195,normal,uncommon,1,107593,24553e98-29a9-47e3-91c7-9add708d9ad1,0.35,false,false,near_mint,es,USD,2026-09-02T20:20:08.548Z
caja negra,binder,Lightless Evangel,EOE,Edge of Eternities,109,normal,uncommon,1,107452,6860556a-6c34-4c41-89ea-f0bc495a159c,0.35,false,false,near_mint,es,USD,2026-09-02T20:20:08.549Z
caja negra,binder,Falkenrath Noble,DSC,Duskmourn: House of Horror Commander,140,normal,common,1,99408,f38eac93-3a0e-40e0-84f8-3670fd84ca00,0.35,false,false,near_mint,es,USD,2026-09-02T20:20:08.550Z
caja negra,binder,Elegy Acolyte,EOE,Edge of Eternities,97,normal,rare,1,107157,c69ed7c7-1f49-4299-b3e6-75150258ac59,0.79,false,false,near_mint,es,USD,2026-09-02T20:20:08.551Z
caja negra,binder,Deathless Pilot,DFT,Aetherdrift,82,normal,common,1,103655,e704fb95-17b7-432a-831c-18abe7d9cc73,0.35,false,false,near_mint,es,USD,2026-09-02T20:20:08.552Z
caja negra,binder,"Liliana, Death's Majesty",DRC,Aetherdrift Commander,94,normal,mythic,1,103223,ae653ad0-c796-49d4-b893-25d627f1ff79,0.99,false,false,near_mint,es,USD,2026-09-02T20:20:08.553Z
caja negra,binder,Barkform Harvester,BLB,Bloomburrow,243,normal,common,1,95984,f77049a6-0f22-415b-bc89-20bcb32accf6,0.35,false,false,near_mint,es,USD,2026-09-02T20:20:08.554Z
caja negra,binder,Spore Cloud,FEM,Fallen Empires,72b,normal,common,1,40234,2c3070f8-6dae-4f22-b186-e2a3a9647cc5,0.35,false,false,near_mint,es,USD,2026-09-02T20:20:08.555Z
caja negra,binder,Urza's Cave,MH3,Modern Horizons 3,234,normal,uncommon,1,94247,926916ed-2f22-4ba9-9427-194886ad6c1e,2.29,false,false,near_mint,es,USD,2026-09-02T20:20:08.556Z
caja negra,binder,Robot Domination,MSH,Marvel Super Heroes,111,normal,uncommon,1,113423,b26bb968-6612-43fe-9147-a3d4786cbc20,0.35,false,false,near_mint,es,USD,2026-09-02T20:20:08.557Z
caja negra,binder,The Last Ronin,TMT,Teenage Mutant Ninja Turtles,154,normal,mythic,1,110927,72ab3ccf-3ddb-4dd1-9cfb-98802a18d954,0.99,false,false,near_mint,es,USD,2026-09-02T20:20:08.558Z
caja negra,binder,Dusk Legion Sergeant,LCC,The Lost Caverns of Ixalan Commander,80,normal,rare,1,88526,5bfc9243-7aec-48e6-9f3b-1bbbb5370063,0.49,false,false,near_mint,es,USD,2026-09-02T20:20:08.559Z
caja negra,binder,Demon of Catastrophes,PM19,Core Set 2019 Promos,91,foil,rare,1,971,57804563-98bb-407d-85a8-2c7c5c1ce6f9,0.59,false,false,near_mint,es,USD,2026-09-02T20:20:08.560Z
caja negra,binder,Bulk Up,SOA,Secrets of Strixhaven Mystical Archive,40,normal,uncommon,1,112533,e86fcad5-8150-4a76-b27e-47a9f05745c1,0.35,false,false,near_mint,es,USD,2026-09-02T20:20:08.561Z
caja negra,binder,Brotherhood's End,SOA,Secrets of Strixhaven Mystical Archive,39,normal,rare,1,112486,98a399fa-822d-4e8c-8be0-fa929c9bbd4d,2.29,false,false,near_mint,es,USD,2026-09-02T20:20:08.562Z
caja negra,binder,Deadly Dispute,TDC,Tarkir: Dragonstorm Commander,177,normal,common,1,104890,b22ef77b-67a3-45d3-9d18-12b7b124cbf4,0.99,false,false,near_mint,es,USD,2026-09-02T20:20:08.563Z
caja negra,binder,Champion of Dusk,LCC,The Lost Caverns of Ixalan Commander,188,normal,rare,1,88536,5fa1674a-86cc-4fdf-8671-860b2bf5043d,0.59,false,false,near_mint,es,USD,2026-09-02T20:20:08.564Z
caja negra,binder,"Sorin, Grim Nemesis",SOI,Shadows over Innistrad,251,normal,mythic,1,8745,c2933144-c931-498a-9e91-f5165873c3b7,2.49,false,false,near_mint,es,USD,2026-09-02T20:20:08.565Z
caja negra,binder,"Vona, Butcher of Magan",LCC,The Lost Caverns of Ixalan Commander,293,normal,mythic,1,88358,27beed9c-a42e-46de-8fbc-885da337ae75,0.99,false,false,near_mint,es,USD,2026-09-02T20:20:08.566Z
caja negra,binder,Woe Strider,SOC,Secrets of Strixhaven Commander,231,normal,rare,1,112182,f458ae68-5cda-4c40-a348-47b4196fba02,0.59,false,false,near_mint,es,USD,2026-09-02T20:20:08.567Z
caja negra,binder,Pitiless Carnage,OTJ,Outlaws of Thunder Junction,98,normal,rare,1,93437,fa76fc45-a106-4dc9-9d44-a005eaa2784d,0.59,false,false,near_mint,es,USD,2026-09-02T20:20:08.568Z
caja negra,binder,Pointed Discussion,VOW,Innistrad: Crimson Vow,126,normal,common,1,64071,076deb63-f7e2-498f-a66a-8a190370a3b3,0.35,false,false,near_mint,es,USD,2026-09-02T20:20:08.569Z
caja negra,binder,Risky Research,SPM,Marvel's Spider-Man,62,normal,common,1,107617,1f8aa705-6177-42e9-95cb-e7f880c186e3,0.35,false,false,near_mint,es,USD,2026-09-02T20:20:08.570Z
caja negra,binder,Idol of Oblivion,TDC,Tarkir: Dragonstorm Commander,319,normal,rare,1,104955,cbc25725-1485-4d98-abe1-906520f868d8,3.99,false,false,near_mint,es,USD,2026-09-02T20:20:08.572Z
caja negra,binder,Vanguard of the Rose,LCI,The Lost Caverns of Ixalan,42,normal,uncommon,1,88222,0200c504-9137-4bc2-9cd4-eaf0643a2855,0.35,false,false,near_mint,es,USD,2026-09-02T20:20:08.573Z
caja negra,binder,Marketback Walker,DFT,Aetherdrift,235,normal,rare,1,103259,c2152030-6007-493f-a616-545723a00249,0.79,false,false,near_mint,es,USD,2026-09-02T20:20:08.574Z
caja negra,binder,"Marvin, Murderous Mimic",DSK,Duskmourn: House of Horror,253,normal,rare,1,98981,66898970-b99b-48f2-9240-68c301c95500,5.99,false,false,near_mint,es,USD,2026-09-02T20:20:08.576Z
caja negra,binder,Academy Manufactor,BLC,Bloomburrow Commander,264,normal,rare,1,96234,2f5b4544-70d9-45ee-84a3-fa6253a53a82,11.99,false,false,near_mint,es,USD,2026-09-02T20:20:08.577Z
caja negra,binder,Chitterspitter,BLC,Bloomburrow Commander,211,normal,rare,1,96524,f0b80608-1455-4899-9d19-1b1d2d068744,0.79,false,false,near_mint,es,USD,2026-09-02T20:20:08.579Z
caja negra,binder,Talisman of Resilience,DSC,Duskmourn: House of Horror Commander,255,normal,uncommon,1,99401,eff598b0-0b32-41d0-b980-584576e58626,1.29,false,false,near_mint,es,USD,2026-09-02T20:20:08.580Z
caja negra,binder,Golgari Signet,DSC,Duskmourn: House of Horror Commander,246,normal,uncommon,1,99259,95103b4c-d0c0-40fa-9ddd-c7416455ca0c,0.79,false,false,near_mint,es,USD,2026-09-02T20:20:08.581Z
caja negra,binder,Umbral Mantle,SHM,Shadowmoor,267,normal,uncommon,1,24599,10e35711-aec9-4024-a2a6-9efff8c71df2,12.99,false,false,near_mint,es,USD,2026-09-02T20:20:08.582Z
caja negra,binder,Detection Tower,M19,Core Set 2019,249,normal,rare,1,1063,02f99756-d334-4dba-a375-ba3d91ecae62,3.99,false,false,near_mint,es,USD,2026-09-02T20:20:08.583Z
caja negra,binder,Sabotender,FIN,Final Fantasy,153,normal,common,1,106513,12df1295-8b08-4c8e-bac9-55b4f514c0be,0.35,false,false,near_mint,es,USD,2026-09-02T20:20:08.584Z
caja negra,binder,Zombify,SOA,Secrets of Strixhaven Mystical Archive,36,normal,uncommon,1,112530,dfec5854-70c7-4e4b-9979-58775dd7a181,0.35,false,false,near_mint,es,USD,2026-09-02T20:20:08.585Z
caja negra,binder,Zulaport Cutthroat,SOC,Secrets of Strixhaven Commander,233,normal,uncommon,1,112111,c43609fb-3cee-44e0-98d0-3ecaba1d5767,2.29,false,false,near_mint,es,USD,2026-09-02T20:20:08.586Z
caja negra,binder,Arc Reactor,MSH,Marvel Super Heroes,243,normal,rare,1,113158,339acb17-4b8e-4836-9cc5-8a0a946ebc73,0.59,false,false,near_mint,es,USD,2026-09-02T20:20:08.587Z
caja negra,binder,Illusion Spinners,ECL,Lorwyn Eclipsed,55,normal,uncommon,1,110862,eb4229a9-8df4-4adc-9d3e-acd2221fa3e9,0.35,false,false,near_mint,es,USD,2026-09-02T20:20:08.588Z
caja negra,binder,Giant-Sized Flying Ant,MSH,Marvel Super Heroes,56,normal,common,1,114024,da529bb3-725b-41aa-ac34-b4117ff5d95b,0.35,false,false,near_mint,es,USD,2026-09-02T20:20:08.589Z
caja negra,binder,The Earth Crystal,FIN,Final Fantasy,184,normal,rare,1,106451,d585e218-3dc8-4fbd-8ad2-795fbc9b2155,18.99,false,false,near_mint,es,USD,2026-09-02T20:20:08.590Z
caja negra,binder,Thousand Moons Smithy // Barracks of the Thousand,LCI,The Lost Caverns of Ixalan,39,normal,rare,1,88469,4a6bec46-1acd-4726-b8d9-3045ac6a2ea2,3.99,false,false,near_mint,es,USD,2026-09-02T20:20:08.591Z
caja negra,binder,Gaze of Granite,EOC,Edge of Eternities Commander,116,normal,rare,1,107100,97cf4cd8-9cb5-482e-92ca-da657b410e48,0.49,false,false,near_mint,es,USD,2026-09-02T20:20:08.592Z
caja negra,binder,Binding the Old Gods,EOC,Edge of Eternities Commander,52,normal,uncommon,1,107044,65b3df37-8dea-4486-8904-55372b93c66f,0.49,false,false,near_mint,es,USD,2026-09-02T20:20:08.593Z
caja negra,binder,Pest Infestation,SOC,Secrets of Strixhaven Commander,282,normal,rare,1,112120,c9b8626d-d3d8-4460-9adf-112f48f173f6,0.99,false,false,near_mint,es,USD,2026-09-02T20:20:08.594Z
caja negra,binder,Horizon Explorer,EOC,Edge of Eternities Commander,15,normal,rare,1,107119,a5873a4d-ab6e-4dd2-9380-5eaa367a8396,3.99,false,false,near_mint,es,USD,2026-09-02T20:20:08.595Z
caja negra,binder,Shared Roots,TLA,Avatar: The Last Airbender,196,normal,uncommon,1,109570,e7847ba5-e85e-417f-96c0-aef2e6f83994,0.39,false,false,near_mint,es,USD,2026-09-02T20:20:08.596Z
caja negra,binder,Desperate Ritual,MMA,Modern Masters,110,normal,uncommon,1,16199,0827c728-5526-4abe-ad21-311594a0bc13,7.99,false,false,near_mint,es,USD,2026-09-02T20:20:08.597Z
caja negra,binder,Nested Shambler,BLC,Bloomburrow Commander,185,normal,common,1,96199,202011d5-755e-497b-b4a7-f2b6e6a0b464,0.49,false,false,near_mint,es,USD,2026-09-02T20:20:08.598Z
caja negra,binder,Entropic Battlecruiser,EOE,Edge of Eternities,99,normal,rare,1,107545,cc59796b-9025-44b6-a188-cf6684ebffb9,0.59,false,false,near_mint,es,USD,2026-09-02T20:20:08.599Z
caja negra,binder,Shock,M20,Core Set 2020,160,normal,common,1,45301,3c866bdb-ff94-4f3f-8429-e72c2cbb94ef,0.35,false,false,near_mint,es,USD,2026-09-02T20:20:08.600Z
caja negra,binder,Morbid Opportunist,SOC,Secrets of Strixhaven Commander,219,normal,uncommon,3,111833,08838865-a9b6-4323-96a2-0d3a7aba9d3d,0.59,false,false,near_mint,es,USD,2026-09-02T20:20:08.571Z
caja verde,binder,Cache Grab,BLB,Bloomburrow,167,normal,common,1,95842,dfd977dc-a7c3-4d0a-aca7-b25bd154e963,0.35,false,false,near_mint,es,USD,2026-09-02T20:46:27.548Z
caja verde,binder,Wren's Run Packmaster,PLRW,Lorwyn Promos,244★,foil,rare,1,25442,dacea068-102c-44d7-93dc-93fcda9b8d43,1.49,false,false,near_mint,es,USD,2026-09-02T20:46:27.549Z
caja verde,binder,Steel Leaf Champion,DOM,Dominaria,182,normal,rare,1,2094,24d8a688-79d4-49b9-ab0c-c7f5c9b551f4,0.79,false,false,near_mint,es,USD,2026-09-02T20:46:27.550Z
caja verde,binder,"Garruk, Cursed Huntsman",BLC,Bloomburrow Commander,99,normal,mythic,1,96251,3874f322-9847-4a63-b7e1-718abbe1e0bd,3.49,false,false,near_mint,es,USD,2026-09-02T20:46:27.551Z
caja verde,binder,Titania's Chosen,CMA,Commander Anthology,158,normal,uncommon,1,5128,ace535dd-9a9c-408f-8c91-33081f14c921,0.49,false,false,near_mint,es,USD,2026-09-02T20:46:27.552Z
caja verde,binder,Elvish Champion,DPA,Duels of the Planeswalkers,60,normal,rare,1,21647,c8ce1109-a5b5-49ce-a08c-1ca121b5c42b,21.99,false,false,near_mint,es,USD,2026-09-02T20:46:27.553Z
caja verde,binder,"Ezuri, Renegade Leader",CMA,Commander Anthology,108,normal,rare,1,5178,e0249e38-fa32-4465-b350-8d906706697a,20.99,false,false,near_mint,es,USD,2026-09-02T20:46:27.554Z
caja verde,binder,Another Chance,LCI,The Lost Caverns of Ixalan,90,normal,common,1,88330,20d9eb9f-2fcc-49f0-99c1-bad748239466,0.49,false,false,near_mint,es,USD,2026-09-02T20:46:27.555Z
caja verde,binder,"Tannuk, Steadfast Second",EOE,Edge of Eternities,162,normal,mythic,1,107594,44607ed3-9523-40ac-9f61-0edd011cf762,2.99,false,false,near_mint,es,USD,2026-09-02T20:46:27.556Z
caja verde,binder,Prodigious Growth,M19,Core Set 2019,194,normal,rare,1,1118,ba2b0966-4e9e-44dc-9145-3c1e644578bc,0.99,false,false,near_mint,es,USD,2026-09-02T20:46:27.557Z
caja verde,binder,Reach the Horizon,FIN,Final Fantasy,195,normal,uncommon,1,106644,c25960e0-5779-4e20-89f3-03950ad9d91c,0.35,false,false,near_mint,es,USD,2026-09-02T20:46:27.558Z
caja verde,binder,Arcane Omens,SOS,Secrets of Strixhaven,73,normal,uncommon,1,111654,d357d997-9d4e-4ade-81f2-37629853f13a,0.35,false,false,near_mint,es,USD,2026-09-02T20:46:27.559Z
caja verde,binder,Tender Wildguide,BLB,Bloomburrow,196,normal,rare,1,95792,6b8bfa91-adb0-4596-8c16-d8bb64fdb26d,0.99,false,false,near_mint,es,USD,2026-09-02T20:46:27.560Z
caja verde,binder,Royal Treatment,SOA,Secrets of Strixhaven Mystical Archive,56,normal,uncommon,1,112412,009bad41-5e96-4bb3-9f5e-66500fb8af29,0.35,false,false,near_mint,es,USD,2026-09-02T20:46:27.561Z
caja verde,binder,Thoughtweft Charge,ECL,Lorwyn Eclipsed,198,normal,uncommon,1,110695,19cfc015-b6d5-4918-99a7-990209e77441,0.35,false,false,near_mint,es,USD,2026-09-02T20:46:27.562Z
caja verde,binder,Blitzball Shot,FIN,Final Fantasy,176,normal,common,1,106417,ec8ab637-3d7d-4712-9f83-8920f808f715,0.35,false,false,near_mint,es,USD,2026-09-02T20:46:27.563Z
caja verde,binder,Verdant Command,MH2,Modern Horizons 2,359,normal,rare,1,59397,070a3f30-0839-4678-a37c-475ee189811e,1.29,false,false,near_mint,es,USD,2026-09-02T20:46:27.564Z
caja verde,binder,Terrific Team-Up,SPM,Marvel's Spider-Man,120,normal,uncommon,1,108597,f3c587b0-66b9-46bf-90ee-a6163c006c9e,0.35,false,false,near_mint,es,USD,2026-09-02T20:46:27.565Z
caja verde,binder,Nourish,DST,Darksteel,78,normal,common,1,29583,0597dd97-fe6f-4e74-88e5-35528ada0140,0.35,false,false,near_mint,es,USD,2026-09-02T20:46:27.566Z
caja verde,binder,Chatter of the Squirrel,2XM,Double Masters,157,normal,common,1,52141,5f7e1991-9ffa-4a57-b8eb-ebe542a47f09,0.69,false,false,near_mint,es,USD,2026-09-02T20:46:27.567Z
caja verde,binder,Saproling Symbiosis,DMR,Dominaria Remastered,175,normal,rare,1,77943,64ae774a-c1de-4c9e-a2ec-86d71cb2d1db,2.29,false,false,near_mint,es,USD,2026-09-02T20:46:27.568Z
caja verde,binder,Wolf's Quarry,ELD,Throne of Eldraine,184,normal,common,1,46154,5d21c15f-378e-4abf-992f-9743aa6ab6b8,0.35,false,false,near_mint,es,USD,2026-09-02T20:46:27.569Z
caja verde,binder,Tend the Sprigs,ECL,Lorwyn Eclipsed,197,normal,common,1,110324,388f6d9d-bb9a-4a3d-93c5-701db194863c,0.35,false,false,near_mint,es,USD,2026-09-02T20:46:27.570Z
caja verde,binder,Giant Opportunity,ELD,Throne of Eldraine,159,normal,uncommon,1,46179,40383646-3fc4-4267-b9ad-bf90a85972fc,0.39,false,false,near_mint,es,USD,2026-09-02T20:46:27.571Z
caja verde,binder,Chocobo Kick,FIN,Final Fantasy,178,normal,common,1,106698,ff8c8be0-8223-499c-8704-cb68e0a42ce2,0.35,false,false,near_mint,es,USD,2026-09-02T20:46:27.572Z
caja verde,binder,Rapid Rescue,MSH,Marvel Super Heroes,181,normal,common,1,114015,d739e636-681e-4423-84e3-91efd02b2c94,0.35,false,false,near_mint,es,USD,2026-09-02T20:46:27.573Z
caja verde,binder,Loki Laufeyson,MSH,Marvel Super Heroes,143,normal,uncommon,1,113707,53b795a7-11f8-423a-b021-f811007fc82f,0.35,false,false,near_mint,es,USD,2026-09-02T20:46:27.574Z
caja verde,binder,Worldsoul's Rage,EOC,Edge of Eternities Commander,130,normal,rare,1,106965,1a54246e-1e22-4660-b2c8-fdfa2110b4fe,0.49,false,false,near_mint,es,USD,2026-09-02T20:46:27.575Z
caja verde,binder,Escape to the Wilds,EOC,Edge of Eternities Commander,115,normal,rare,1,107084,889cdc42-fae3-4dda-9cf0-697730ef00e3,0.49,false,false,near_mint,es,USD,2026-09-02T20:46:27.576Z
caja verde,binder,Grub's Command,ECL,Lorwyn Eclipsed,228,normal,rare,1,110362,73013908-feff-495a-a62e-1e19548ffe6f,0.49,false,false,near_mint,es,USD,2026-09-02T20:46:27.577Z
caja verde,binder,"Grub, Storied Matriarch // Grub, Notorious Auntie",ECL,Lorwyn Eclipsed,105,normal,rare,1,110452,1f51adf8-8234-4dae-aedf-7633310d5111,0.69,false,false,near_mint,es,USD,2026-09-02T20:46:27.578Z
caja verde,binder,Wisecrack,SPM,Marvel's Spider-Man,98,normal,uncommon,1,108648,8f452dac-bf22-4010-8a10-3c1cfa7d4df6,0.35,false,false,near_mint,es,USD,2026-09-02T20:46:27.579Z
caja verde,binder,"Molten Man, Inferno Incarnate",SPM,Marvel's Spider-Man,84,normal,uncommon,1,108598,f469d621-25d0-4d8e-909f-47dac0b9c5b0,0.35,false,false,near_mint,es,USD,2026-09-02T20:46:27.582Z
caja verde,binder,Truck Toss,MSH,Marvel Super Heroes,157,normal,uncommon,1,113739,60f02fbf-1416-48a3-bf94-f27509f6983a,0.35,false,false,near_mint,es,USD,2026-09-02T20:46:27.583Z
caja verde,binder,Vibrant Outburst,SOS,Secrets of Strixhaven,240,normal,uncommon,1,112721,f9ba68ef-6efc-4249-8b74-e33f47173902,0.35,false,false,near_mint,es,USD,2026-09-02T20:46:27.584Z
caja verde,binder,Vulshok Sorcerer,DDI,Duel Decks: Venser vs. Koth,50,normal,common,1,18324,b7153854-c548-48de-b9e2-72b7d9397563,0.39,false,false,near_mint,es,USD,2026-09-02T20:46:27.585Z
caja verde,binder,Anger,SOC,Secrets of Strixhaven Commander,235,normal,uncommon,1,112169,e886a604-e3ce-4c6a-b63e-2c7f910a177a,1.29,false,false,near_mint,es,USD,2026-09-02T20:46:27.586Z
caja verde,binder,Surreal Memoir,2X2,Double Masters 2022,127,normal,uncommon,1,70573,e6c10004-eaef-4b19-828f-a0f9bde82984,0.35,false,false,near_mint,es,USD,2026-09-02T20:46:27.587Z
caja verde,binder,Llanowar Tribe,KHC,Kaldheim Commander,66,normal,uncommon,1,57212,407c1b95-dc0c-4154-a441-fe25537df45c,1.99,false,false,near_mint,es,USD,2026-09-02T20:46:27.588Z
caja verde,binder,Thornvault Forager,BLB,Bloomburrow,197,normal,rare,1,95807,8c2d6b02-a453-40f9-992a-5c5542987cfb,3.99,false,false,near_mint,es,USD,2026-09-02T20:46:27.589Z
caja verde,binder,Gysahl Greens,FIN,Final Fantasy,190,normal,common,1,106494,020dee17-d85b-44c4-9faa-b1ef977956f4,0.35,false,false,near_mint,es,USD,2026-09-02T20:46:27.590Z
caja verde,binder,Warden of the Grove,TDM,Tarkir: Dragonstorm,166,normal,rare,1,104498,2414db96-0e2b-4f7c-9b97-41f8e310b752,2.29,false,false,near_mint,es,USD,2026-09-02T20:46:27.591Z
caja verde,binder,Gala Greeters,SNC,Streets of New Capenna,450,foil,rare,1,67897,9746b45a-abd8-4a60-9139-48c1522bfd4b,0.69,false,false,near_mint,es,USD,2026-09-02T20:46:27.592Z
caja verde,binder,Tempt with Discovery,C19,Commander 2019,183,normal,rare,1,45751,79248b68-4fab-46da-ab15-5c71c1f68d4b,3.99,false,false,near_mint,es,USD,2026-09-02T20:46:27.593Z
caja verde,binder,"Mona Lisa, Science Geek",TMT,Teenage Mutant Ninja Turtles,123,normal,uncommon,1,111353,c2164204-120c-4dff-86ac-46ca9012ccd9,0.35,false,false,near_mint,es,USD,2026-09-02T20:46:27.594Z
caja verde,binder,Elemental Mascot,SOS,Secrets of Strixhaven,185,normal,common,1,111741,c507eb1c-48e9-4d28-bb2d-71f2a9df9ab0,0.35,false,false,near_mint,es,USD,2026-09-02T20:46:27.595Z
caja verde,binder,Elemental,TSOS,Secrets of Strixhaven Tokens,3,normal,common,1,112669,b5b2df9c-228f-4441-a962-46b335bb356e,,false,false,near_mint,es,USD,2026-09-02T20:46:27.596Z
caja verde,binder,Visionary's Dance,SOS,Secrets of Strixhaven,242,normal,common,1,112638,846a0e79-a530-429e-8f7f-4b87f1b0156e,0.35,false,false,near_mint,es,USD,2026-09-02T20:46:27.597Z
caja verde,binder,Sorceress's Schemes,FIN,Final Fantasy,159,normal,uncommon,1,106582,7efd7627-0754-4685-9d04-8f5f82f45632,0.35,false,false,near_mint,es,USD,2026-09-02T20:46:27.598Z
caja verde,binder,Elemental Appeal,ZEN,Zendikar,123,normal,rare,1,22501,3a583f30-a3e0-4c4f-81b3-01452edaf22c,0.49,false,false,near_mint,es,USD,2026-09-02T20:46:27.599Z
caja verde,binder,Duel Tactics,SOS,Secrets of Strixhaven,112,normal,uncommon,1,111722,8f3a1675-0cc7-4dfd-a12e-4740a2cf81e8,0.35,false,false,near_mint,es,USD,2026-09-02T20:46:27.600Z
caja verde,binder,Volcanic Dragon,CMR,Commander Legends,207,normal,uncommon,1,56057,46419d29-21a1-4753-a2f0-1d0d996ec54e,0.35,false,false,near_mint,es,USD,2026-09-02T20:46:27.601Z
caja verde,binder,Impetuous Devils,EMN,Eldritch Moon,132,normal,rare,1,8202,1ba7acc0-6ef0-4c34-be23-118e1872271f,0.49,false,false,near_mint,es,USD,2026-09-02T20:46:27.602Z
caja verde,binder,Burst Lightning,FDN,Foundations,192,normal,common,1,100994,aec5d380-d354-4750-931a-6c91853e2edc,0.35,false,false,near_mint,es,USD,2026-09-02T20:46:27.603Z
caja verde,binder,Lightning Strike,XLN,Ixalan,149,normal,uncommon,1,3863,f0f55dee-7e39-4183-8e74-844d9c299bf5,0.35,false,false,near_mint,es,USD,2026-09-02T20:46:27.605Z
caja verde,binder,Freya Crescent,FIN,Final Fantasy,138,normal,uncommon,1,106289,9921f646-e893-44db-ac89-0633c1009788,0.35,false,false,near_mint,es,USD,2026-09-02T20:46:27.606Z
caja verde,binder,Bloodrage Brawler,AKH,Amonkhet,121,normal,uncommon,1,5564,e6080f9e-2415-4e05-97a1-0fe4ad4fdf3b,0.35,false,false,near_mint,es,USD,2026-09-02T20:46:27.607Z
caja verde,binder,Cinder Strike,ECL,Lorwyn Eclipsed,131,normal,common,1,110767,6fb6faa4-236c-4cae-9140-0981c44d2392,0.35,false,false,near_mint,es,USD,2026-09-02T20:46:27.608Z
caja verde,binder,Warcry Phoenix,DOM,Dominaria,150,normal,uncommon,1,2126,ff561f01-8dbc-4988-be00-592d1e417396,0.35,false,false,near_mint,es,USD,2026-09-02T20:46:27.610Z
caja verde,binder,Samurai's Katana,FIN,Final Fantasy,154,normal,uncommon,1,106267,11f1d378-c78c-402a-ac46-2d32598c23e7,0.35,false,false,near_mint,es,USD,2026-09-02T20:46:27.611Z
caja verde,binder,Remnant Elemental,EOE,Edge of Eternities,155,normal,uncommon,1,107475,830d5532-3b24-470e-912f-f0f5df1cb530,0.35,false,false,near_mint,es,USD,2026-09-02T20:46:27.612Z
caja verde,binder,Skyclave Squid,ZNR,Zendikar Rising,82,normal,common,1,54555,581ed049-7b5b-47d9-96af-f737631a221f,0.35,false,false,near_mint,es,USD,2026-09-02T20:46:27.614Z
caja verde,binder,Monstrous Rage,SOA,Secrets of Strixhaven Mystical Archive,45,normal,uncommon,1,112439,4b2e000b-a147-443b-9138-9ff2d16c0422,0.35,false,false,near_mint,es,USD,2026-09-02T20:46:27.615Z
caja verde,binder,Havengul Vampire,CN2,Conspiracy: Take the Crown,164,normal,uncommon,1,7933,89a4094d-fbcf-42e6-87ef-c722efc4d371,0.35,false,false,near_mint,es,USD,2026-09-02T20:46:27.616Z
caja verde,binder,Riverguard's Reflexes,ECL,Lorwyn Eclipsed,33,normal,common,1,110782,88a79f3e-ca74-467c-b0a8-22802ac5b465,0.35,false,false,near_mint,es,USD,2026-09-02T20:46:27.617Z
caja verde,binder,"Chainer, Nightmare Adept",MH2,Modern Horizons 2,289,normal,rare,1,59824,d8089e7f-7619-43fe-8e0b-31ce5d988a1b,1.49,false,false,near_mint,es,USD,2026-09-02T20:46:27.618Z
caja verde,binder,Charging Strifeknight,SOS,Secrets of Strixhaven,110,normal,uncommon,1,112652,9940d992-1ba1-40ec-9b93-17d773452c4b,0.35,false,false,near_mint,es,USD,2026-09-02T20:46:27.619Z
caja verde,binder,Crashing Wave,TLA,Avatar: The Last Airbender,47,normal,uncommon,1,109754,9fd02eb4-1ef5-4a14-89a8-b25e720e8016,0.35,false,false,near_mint,es,USD,2026-09-02T20:46:27.620Z
caja verde,binder,Browbeat,A25,Masters 25,123,normal,uncommon,1,2593,7e8e9f60-f8ea-4f29-b7e2-ca87f8336fca,0.79,false,false,near_mint,es,USD,2026-09-02T20:46:27.621Z
caja verde,binder,Snooping Page,SOS,Secrets of Strixhaven,227,normal,uncommon,1,112459,73d06987-8686-461b-b260-9a4fee6a3b32,0.35,false,false,near_mint,es,USD,2026-09-02T20:46:27.622Z
caja verde,binder,Imperious Inkmage,SOS,Secrets of Strixhaven,195,normal,common,1,112695,d5df1c3f-2536-4476-b8cd-34b026c38366,0.35,false,false,near_mint,es,USD,2026-09-02T20:46:27.623Z
caja verde,binder,Rubble Rouser,SOS,Secrets of Strixhaven,128,normal,common,1,112664,afe61957-a9bb-42b0-98e8-b5fa418cbaff,0.35,false,false,near_mint,es,USD,2026-09-02T20:46:27.624Z
caja verde,binder,Blazing Crescendo,MSH,Marvel Super Heroes,125,normal,common,1,113828,8447c3d6-8c65-4d3c-81c4-609801602d06,0.35,false,false,near_mint,es,USD,2026-09-02T20:46:27.625Z
caja verde,binder,Noise Marine,40K,"Warhammer 40,000 Commander",82,normal,uncommon,1,72273,08843909-8c24-4067-b747-5f9090caaa1c,1.79,false,false,near_mint,es,USD,2026-09-02T20:46:27.626Z
caja verde,binder,Stirring Hopesinger,SOS,Secrets of Strixhaven,35,normal,rare,1,112425,21375667-b318-47f8-a482-9c8c2b5b14c0,0.49,false,false,near_mint,es,USD,2026-09-02T20:46:27.627Z
caja verde,binder,"Rhys, the Evermore",ECL,Lorwyn Eclipsed,32,normal,rare,1,110385,a7072412-4aa2-40ef-a267-bd717551a42b,0.49,false,false,near_mint,es,USD,2026-09-02T20:46:27.628Z
caja verde,binder,Dependable Quinjet,MSH,Marvel Super Heroes,246,normal,common,1,113961,c035c625-4de5-4c3b-9d07-aa1df8fc7b78,0.35,false,false,near_mint,es,USD,2026-09-02T20:46:27.629Z
caja verde,binder,Web Up,MSH,Marvel Super Heroes,41,normal,common,1,113882,9a1b057b-229c-4f65-ba4e-12dd342238de,0.35,false,false,near_mint,es,USD,2026-09-02T20:46:27.630Z
caja verde,binder,Special Move,TMC,Teenage Mutant Ninja Turtles Eternal,26,normal,rare,1,111254,600e2c3f-dfbd-4d5c-813a-47ae2d75ac12,0.49,false,false,near_mint,es,USD,2026-09-02T20:46:27.631Z
caja verde,binder,Faithless Looting,SOC,Secrets of Strixhaven Commander,244,normal,common,1,112201,fc019ffa-4461-4f3d-ab8d-e4d20e77ca0c,0.79,false,false,near_mint,es,USD,2026-09-02T20:46:27.632Z
caja verde,binder,"Firion, Wild Rose Warrior",FIN,Final Fantasy,386,normal,rare,1,105664,8f1cb5a5-2f52-4a9d-a4fe-9603116b7ad5,2.79,false,false,near_mint,es,USD,2026-09-02T20:46:27.633Z
caja verde,binder,Sear,ECL,Lorwyn Eclipsed,154,normal,uncommon,1,110390,aeb4612c-758b-4492-ba03-eb6741b4176e,0.49,false,false,near_mint,es,USD,2026-09-02T20:46:27.634Z
caja verde,binder,Gladiolus Amicitia,FIN,Final Fantasy,224,normal,uncommon,1,105177,442957fc-045d-4db6-b82a-445f172d23e4,0.35,false,false,near_mint,es,USD,2026-09-02T20:46:27.636Z
caja verde,binder,Vexing Devil,INR,Innistrad Remastered,178,normal,rare,1,102750,ba50e7df-9dec-4df8-94a5-5883bbedf0cb,0.99,false,false,near_mint,es,USD,2026-09-02T20:46:27.637Z
caja verde,binder,Lasting Tarfire,ECL,Lorwyn Eclipsed,149,normal,uncommon,1,110574,9c4a95ac-072f-4219-80a0-1ce71f1b8411,0.35,false,false,near_mint,es,USD,2026-09-02T20:46:27.638Z
caja verde,binder,Creeping Mold,10E,Tenth Edition,258,normal,uncommon,1,25800,c68d2204-e771-427a-a840-98f6150f648c,0.35,false,false,near_mint,es,USD,2026-09-02T20:46:27.640Z
caja verde,binder,Unbury,ECL,Lorwyn Eclipsed,123,normal,uncommon,1,110819,b00766db-4109-4225-a62a-fa12fd526970,0.39,false,false,near_mint,es,USD,2026-09-02T20:46:27.641Z
caja verde,binder,Esper Origins // Summon: Esper Maduin,FIN,Final Fantasy,185,normal,rare,1,105823,0f503360-216a-4629-89b2-d32072850aef,2.49,false,false,near_mint,es,USD,2026-09-02T20:46:27.642Z
caja verde,binder,Evolution Witness,MH3,Modern Horizons 3,151,normal,common,1,94439,4d89283e-9783-4006-9294-4ae0473d2ce6,0.79,false,false,near_mint,es,USD,2026-09-02T20:46:27.643Z
caja verde,binder,Satyr Wayfinder,EOC,Edge of Eternities Commander,106,normal,common,1,107087,8bbbe65d-7162-42fb-94ee-d835d6c3f02a,0.35,false,false,near_mint,es,USD,2026-09-02T20:46:27.644Z
caja verde,binder,Groundskeeper,EOC,Edge of Eternities Commander,97,normal,uncommon,1,106988,30444f88-5a7e-46bc-ab0c-17e62fae2457,0.35,false,false,near_mint,es,USD,2026-09-02T20:46:27.645Z
caja verde,binder,Rancor,2X2,Double Masters 2022,156,normal,uncommon,1,70354,86d6b411-4a31-4bfc-8dd6-e19f553bb29b,1.79,false,false,near_mint,es,USD,2026-09-02T20:46:27.646Z
caja verde,binder,Giant Inheritance,WOC,Wilds of Eldraine Commander,17,normal,rare,1,85359,3e8d46e1-7aad-4e2b-82a5-af81cd6c8ae5,0.79,false,false,near_mint,es,USD,2026-09-02T20:46:27.647Z
caja verde,binder,Enduring Vitality,DSK,Duskmourn: House of Horror,176,normal,rare,1,98992,9d76a30c-0431-4334-892a-9822dda9671a,19.99,false,false,near_mint,es,USD,2026-09-02T20:46:27.648Z
caja verde,binder,Return of the Wildspeaker,ECC,Lorwyn Eclipsed Commander,115,normal,rare,1,110466,2fa1dac5-51ba-403e-b48b-d2c0d23a8146,3.49,false,false,near_mint,es,USD,2026-09-02T20:46:27.649Z
caja verde,binder,Famished Worldsire,EOE,Edge of Eternities,182,normal,mythic,1,107248,2934c9c8-d23a-462b-83d5-94e88c8663ac,5.49,false,false,near_mint,es,USD,2026-09-02T20:46:27.650Z
caja verde,binder,Fungal Rebirth,CLU,Ravnica: Clue Edition,163,normal,uncommon,1,90868,52abf994-78d6-40dd-9d43-19ae8176e3bd,0.35,false,false,near_mint,es,USD,2026-09-02T20:46:27.651Z
caja verde,binder,Scavenging Ooze,FDN,Foundations,232,normal,rare,1,100808,8c504c23-1e9a-411b-9cfe-4180d0c744f6,0.49,false,false,near_mint,es,USD,2026-09-02T20:46:27.652Z
caja verde,binder,Baloth Prime,EOC,Edge of Eternities Commander,13,normal,rare,1,106985,2c723fc9-d5c9-4126-a9a6-f80c247a4b6b,0.69,false,false,near_mint,es,USD,2026-09-02T20:46:27.653Z
caja verde,binder,Grow Extra Arms,SPM,Marvel's Spider-Man,101,normal,common,1,107640,63fab399-00db-4398-922e-c3ca3356731a,0.35,false,false,near_mint,es,USD,2026-09-02T20:46:27.654Z
caja verde,binder,Splendid Reclamation,EOC,Edge of Eternities Commander,108,normal,rare,1,107040,63c7f172-0aec-4629-967c-37253aed0f0d,0.99,false,false,near_mint,es,USD,2026-09-02T20:46:27.655Z
caja verde,binder,Eternal Witness,CM2,Commander Anthology Volume II,136,normal,uncommon,1,1601,ee7d035f-184f-4067-876a-1d26cb8d3fa2,2.49,false,false,near_mint,es,USD,2026-09-02T20:46:27.656Z
caja verde,binder,Bow of Nylea,THS,Theros,153,normal,rare,1,15511,89a2c408-e953-4386-abaf-4af85aba9620,7.49,false,false,near_mint,es,USD,2026-09-02T20:46:27.657Z
caja verde,binder,Skyshroud Claim,EOC,Edge of Eternities Commander,107,normal,common,1,107082,860c0808-3ec1-4182-bf83-783720a02780,2.29,false,false,near_mint,es,USD,2026-09-02T20:46:27.658Z
caja verde,binder,Heartbeat of Spring,TLE,Avatar: The Last Airbender Eternal,42,normal,mythic,1,109365,006b8547-1427-4aa2-88e4-e82b0ff4bb6d,3.99,false,false,near_mint,es,USD,2026-09-02T20:46:27.659Z
caja verde,binder,Kodama's Reach,OTC,Outlaws of Thunder Junction Commander,196,normal,common,1,93920,eddf5231-7c46-417b-82c3-f6a8ede5ac9c,3.49,false,false,near_mint,es,USD,2026-09-02T20:46:27.660Z
caja verde,binder,Giant Growth,FDN,Foundations,223,normal,common,1,101073,bd0bf74e-14c1-4428-88d8-2181a080b5d0,0.35,false,false,near_mint,es,USD,2026-09-02T20:46:27.661Z
caja verde,binder,Scute Swarm,ZNR,Zendikar Rising,308,normal,rare,1,54505,309b2cb5-b9a8-417d-b5ae-0a7d03ff93f0,13.99,false,false,near_mint,es,USD,2026-09-02T20:46:27.662Z
caja verde,binder,Squirrel Mob,MH2,Modern Horizons 2,286,normal,rare,1,59899,fa6bfc95-ec7e-46dd-88fd-b0e1ba48bfbc,1.79,false,false,near_mint,es,USD,2026-09-02T20:46:27.663Z
caja verde,binder,Oracle's Restoration,SOS,Secrets of Strixhaven,156,normal,common,1,111670,0863a19d-4511-4a78-98dd-d194afd1c39b,0.35,false,false,near_mint,es,USD,2026-09-02T20:46:27.664Z
caja verde,binder,Cloakwood Hermit,CLB,Commander Legends: Battle for Baldur's Gate,221,normal,uncommon,1,69003,4bd8689d-a0c1-4041-bead-7b512fe25663,0.35,false,false,near_mint,es,USD,2026-09-02T20:46:27.666Z
caja verde,binder,Wolfwillow Haven,BLC,Bloomburrow Commander,246,normal,uncommon,1,96367,8506e3eb-07c1-4f5c-a2a7-c210acf6be16,0.49,false,false,near_mint,es,USD,2026-09-02T20:46:27.667Z
caja verde,binder,Essenceknit Scholar,SOS,Secrets of Strixhaven,187,normal,uncommon,1,112578,2a3cba55-3fae-4d45-ae03-4d662ec13718,0.35,false,false,near_mint,es,USD,2026-09-02T20:46:27.668Z
caja verde,binder,Welcome to Sweettooth,WOE,Wilds of Eldraine,198,normal,uncommon,1,85560,8e629a31-2e06-4f95-9628-34670dcf68b9,0.35,false,false,near_mint,es,USD,2026-09-02T20:46:27.669Z
caja verde,binder,Forest,EOE,Edge of Eternities,276,normal,common,1,107048,673141ec-826f-4132-8282-d499990495a7,0.49,false,false,near_mint,es,USD,2026-09-02T20:46:27.670Z
caja verde,binder,Bone Sabres,40K,"Warhammer 40,000 Commander",88,normal,rare,1,72422,73d9374d-72b8-4397-9c46-be9216fab911,8.49,false,false,near_mint,es,USD,2026-09-02T20:46:27.671Z
caja verde,binder,Terrasymbiosis,EOE,Edge of Eternities,210,normal,rare,1,106977,26008c7d-5dbe-4da2-b475-4dd307e7bc68,15.99,false,false,near_mint,es,USD,2026-09-02T20:46:27.672Z
caja verde,binder,Loading Zone,EOE,Edge of Eternities,196,normal,rare,1,107371,0d2c95bd-79af-4a23-b265-62cc0b164e3e,2.49,false,false,near_mint,es,USD,2026-09-02T20:46:27.673Z
caja verde,binder,Terrapact Intimidator,EOE,Edge of Eternities,164,normal,uncommon,1,106957,13fe3358-fd68-4245-a2ad-aa9200cf4655,0.35,false,false,near_mint,es,USD,2026-09-02T20:46:27.674Z
caja verde,binder,Wirewood Symbiote,MH3,Modern Horizons 3,288,normal,uncommon,1,94627,d237f5cc-2b9b-4929-9697-72078bac4c77,0.35,false,false,near_mint,es,USD,2026-09-02T20:46:27.675Z
caja verde,binder,Slavering Branchsnapper,DSK,Duskmourn: House of Horror,198,normal,common,1,98709,5ed7ca4d-5895-4074-8315-656363d14862,0.35,false,false,near_mint,es,USD,2026-09-02T20:46:27.676Z
caja verde,binder,Springbloom Druid,TDC,Tarkir: Dragonstorm Commander,271,normal,common,1,104682,60a211bb-0935-4815-a705-f4674a468bf5,0.39,false,false,near_mint,es,USD,2026-09-02T20:46:27.678Z
caja verde,binder,Quirion Ranger,MH2,Modern Horizons 2,285,normal,uncommon,1,59485,320fdf89-e158-41c5-b0bf-fee9dec36a75,2.79,false,false,near_mint,es,USD,2026-09-02T20:46:27.679Z
caja verde,binder,Scurry Oak,MH2,Modern Horizons 2,172,normal,uncommon,1,59410,0fb48c2e-ee0f-4fae-9c22-247870c10d5b,3.49,false,false,near_mint,es,USD,2026-09-02T20:46:27.680Z
caja verde,binder,Raiding Schemes,ECL,Lorwyn Eclipsed,239,normal,rare,1,110679,0bab5da5-72a7-4340-9b53-492ab14a9f71,0.49,false,false,near_mint,es,USD,2026-09-02T20:46:27.681Z
caja verde,binder,Unlucky Cabbage Merchant,TLA,Avatar: The Last Airbender,201,normal,uncommon,1,109374,0a838009-b115-4497-b35d-682e41ead7db,0.35,false,false,near_mint,es,USD,2026-09-02T20:46:27.682Z
caja verde,binder,Spire Tracer,GTC,Gatecrash,135,normal,common,1,16689,428b0d43-94c9-4f7f-b042-ea63f88ac697,0.35,false,false,near_mint,es,USD,2026-09-02T20:46:27.683Z
caja verde,binder,"Spider-Ham, Peter Porker",PW25,Wizards Play Network 2025,10,normal,rare,1,108617,1402d294-8772-4b13-b1d0-f4205d57208b,0.49,false,false,near_mint,es,USD,2026-09-02T20:46:27.684Z
caja verde,binder,Llanowar Elves,FDN,Foundations,227,normal,common,1,95583,6a0b230b-d391-4998-a3f7-7b158a0ec2cd,0.59,false,false,near_mint,es,USD,2026-09-02T20:46:27.685Z
caja verde,binder,"Yeva, Nature's Herald",RVR,Ravnica Remastered,162,normal,rare,1,89731,67ff9ba3-cd2b-4970-b4da-22104b10a4a4,2.29,false,false,near_mint,es,USD,2026-09-02T20:46:27.687Z
caja verde,binder,Elvish Visionary,CMR,Commander Legends,223,normal,common,1,55812,a2f174e6-9532-4fc3-815b-2dc3966c6523,0.35,false,false,near_mint,es,USD,2026-09-02T20:46:27.688Z
caja verde,binder,Meren of Clan Nel Toth,TDC,Tarkir: Dragonstorm Commander,297,normal,mythic,1,104639,508b1442-bf2c-4ad6-9bcf-bd894e081ab6,2.79,false,false,near_mint,es,USD,2026-09-02T20:46:27.689Z
caja verde,binder,Noxious Newt,SOS,Secrets of Strixhaven,155,normal,common,1,112593,3a028306-c5d7-4f8f-b6f4-0d103fd47000,0.35,false,false,near_mint,es,USD,2026-09-02T20:46:27.690Z
caja verde,binder,Virulent Emissary,ECL,Lorwyn Eclipsed,202,normal,uncommon,1,110291,0702efed-915e-466a-96bb-ac09af06b21e,1.79,false,false,near_mint,es,USD,2026-09-02T20:46:27.691Z
caja verde,binder,"Davriel, Rogue Shadowmage",WAR,War of the Spark,83,normal,uncommon,1,44321,5b1a44f0-1db8-406a-b7d9-f883f947f7bd,0.35,false,false,near_mint,es,USD,2026-09-02T20:46:27.692Z
caja verde,binder,Faunsbane Troll,WOE,Wilds of Eldraine,203,normal,rare,1,85324,2d8bd585-c5ea-46f8-8e11-f33c067f2f8e,0.49,false,false,near_mint,es,USD,2026-09-02T20:46:27.694Z
caja verde,binder,Squirrel Nest,BLC,Bloomburrow Commander,239,normal,uncommon,1,96439,bac26044-b41f-4c75-8bc1-26359250d8bc,0.35,false,false,near_mint,es,USD,2026-09-02T20:46:27.695Z
caja verde,binder,Squirrel Sovereign,BLC,Bloomburrow Commander,240,normal,uncommon,1,96430,b4356e13-655b-40b8-ad08-4e28b7464a3c,0.39,false,false,near_mint,es,USD,2026-09-02T20:46:27.696Z
caja verde,binder,Transdimensional Bovine,TMT,Teenage Mutant Ninja Turtles,134,normal,rare,1,110955,de124563-205c-4f40-8c13-4ae203599912,0.49,false,false,near_mint,es,USD,2026-09-02T20:46:27.697Z
caja verde,binder,Chatterstorm,BLC,Bloomburrow Commander,210,normal,common,1,96386,9426c906-e665-40a4-823a-0245bc39fbda,0.49,false,false,near_mint,es,USD,2026-09-02T20:46:27.698Z
caja verde,binder,Blessings of Nature,AVR,Avacyn Restored,168,normal,uncommon,1,18110,d16453f1-c6ca-4288-ab72-315ed9bb0ab0,0.35,false,false,near_mint,es,USD,2026-09-02T20:46:27.699Z
caja verde,binder,For the Common Good,BLB,Bloomburrow,172,normal,rare,1,95912,3ec72a27-b622-47d7-bdf3-970ccaef0d2a,3.99,false,false,near_mint,es,USD,2026-09-02T20:46:27.700Z
caja verde,binder,"Long Feng, Grand Secretariat",TLA,Avatar: The Last Airbender,233,normal,uncommon,1,108257,a3eb92fe-bc59-4472-9028-f368bd015609,0.35,false,false,near_mint,es,USD,2026-09-02T20:46:27.701Z
caja verde,binder,Giant Growth,SOA,Secrets of Strixhaven Mystical Archive,52,normal,uncommon,1,111801,62652aa9-57e7-42a7-8f2f-62e9a6aefb16,0.35,false,false,near_mint,es,USD,2026-09-02T20:46:27.702Z
caja verde,binder,Sylvan Anthem,MH2,Modern Horizons 2,176,normal,rare,1,59715,a119edc2-9e0f-43d1-a13d-25827f86e3e3,1.99,false,false,near_mint,es,USD,2026-09-02T20:46:27.703Z
caja verde,binder,Gladehart Cavalry,DDU,Duel Decks: Elves vs. Inventors,11,normal,rare,1,2456,50558302-eea7-4d60-a65b-50386e73fccd,0.49,false,false,near_mint,es,USD,2026-09-02T20:46:27.704Z
caja verde,binder,Michelangelo's Technique,TMT,Teenage Mutant Ninja Turtles,239,normal,rare,1,111379,e5f41ef3-9f3a-43ae-bb17-626788f84c01,0.69,false,false,near_mint,es,USD,2026-09-02T20:46:27.705Z
caja verde,binder,"Bosco, Just a Bear",TLE,Avatar: The Last Airbender Eternal,132,normal,uncommon,1,109814,dfb85545-22d0-4265-94e2-8805d2ccf0f8,0.69,false,false,near_mint,es,USD,2026-09-02T20:46:27.706Z
caja verde,binder,"Glissa, Herald of Predation",MOM,March of the Machine,226,normal,rare,1,81103,6c299066-dfdd-47a3-85e6-225508ba95fe,0.49,false,false,near_mint,es,USD,2026-09-02T20:46:27.707Z
caja verde,binder,Pest Mascot,SOS,Secrets of Strixhaven,209,normal,common,1,111751,d882beb9-6766-4818-afbb-f6fd7a2d5b70,0.35,false,false,near_mint,es,USD,2026-09-02T20:46:27.708Z
caja verde,binder,"Belbe, Corrupted Observer",CMR,Commander Legends,270,normal,rare,1,55841,b4427e73-8c60-490d-8ae3-53e872a5163e,0.59,false,false,near_mint,es,USD,2026-09-02T20:46:27.709Z
caja verde,binder,High Perfect Morcant,ECL,Lorwyn Eclipsed,229,normal,rare,1,110080,dfe7b8bf-c150-4be0-aef4-e8bb6f09787a,2.99,false,false,near_mint,es,USD,2026-09-02T20:46:27.710Z
caja verde,binder,Beifong's Bounty Hunters,TLA,Avatar: The Last Airbender,209,normal,rare,1,109431,4f88ec3a-44a7-4ae5-a68c-24294dabaeed,0.49,false,false,near_mint,es,USD,2026-09-02T20:46:27.711Z
caja verde,binder,Oracle of Mul Daya,EOC,Edge of Eternities Commander,102,normal,rare,1,107125,ab19808f-a5b8-4dfd-800e-2064cd6538c8,4.99,false,false,near_mint,es,USD,2026-09-02T20:46:27.712Z
caja verde,binder,"Dwynen, Gilt-Leaf Daen",FDN,Foundations,217,normal,uncommon,1,100086,01c00d7b-7fac-4f8c-a1ea-de2cf4d06627,0.69,false,false,near_mint,es,USD,2026-09-02T20:46:27.713Z
caja verde,binder,Leaf-Crowned Visionary,DMU,Dominaria United,167,normal,rare,1,71679,aa7bd814-9f88-4e01-932d-07ac1abc060e,7.49,false,false,near_mint,es,USD,2026-09-02T20:46:27.714Z
caja verde,binder,Taster of Wares,ECL,Lorwyn Eclipsed,121,normal,rare,1,110829,bc0b64b6-8984-431c-8a2f-84402b429e2b,0.49,false,false,near_mint,es,USD,2026-09-02T20:46:27.715Z
caja verde,binder,Ambitious Augmenter,SOS,Secrets of Strixhaven,140,normal,rare,1,112312,85629088-2007-4db5-9397-bac12a3d7498,0.49,false,false,near_mint,es,USD,2026-09-02T20:46:27.716Z
caja verde,binder,Bristlebane Battler,ECL,Lorwyn Eclipsed,168,normal,rare,1,110622,c857fa32-1b5d-4139-8809-b4d0df44b472,0.49,false,false,near_mint,es,USD,2026-09-02T20:46:27.718Z
caja verde,binder,Generous Stray,GRN,Guilds of Ravnica,129,normal,common,1,354,3289db66-231f-4370-aca6-644d75bee293,0.35,false,false,near_mint,es,USD,2026-09-02T20:46:27.719Z
caja verde,binder,Essence Warden,CMA,Commander Anthology,106,normal,common,1,5180,31ca84d1-30a6-432b-966c-089fb6652a89,13.99,false,false,near_mint,es,USD,2026-09-02T20:46:27.720Z
caja verde,binder,Prosperous Innkeeper,BLC,Bloomburrow Commander,121,normal,uncommon,1,96519,eed76e15-6456-4ddc-addf-f0e6eff8bb6a,0.35,false,false,near_mint,es,USD,2026-09-02T20:46:27.721Z
caja verde,binder,Rosethorn Acolyte // Seasonal Ritual,ELD,Throne of Eldraine,174,normal,common,1,46164,2a0d430f-da84-4752-940c-8457c525aac9,0.35,false,false,near_mint,es,USD,2026-09-02T20:46:27.723Z
caja verde,binder,Wolf-Skull Shaman,MOR,Morningtide,140,normal,uncommon,1,24885,804ef999-0d44-420e-ad0c-a6dcf8e9c392,0.69,false,false,near_mint,es,USD,2026-09-02T20:46:27.724Z
caja verde,binder,Crypt Incursion,DGM,Dragon's Maze,23,normal,common,1,16442,c3b71cc5-0a81-4cab-bae3-49335c04aaaa,0.69,false,false,near_mint,es,USD,2026-09-02T20:46:27.725Z
caja verde,binder,Shopkeeper's Bane,SOS,Secrets of Strixhaven,159,normal,common,1,112651,97f7fbb9-228c-4a74-975b-38d3b6cecb32,0.35,false,false,near_mint,es,USD,2026-09-02T20:46:27.726Z
caja verde,binder,Summon: Fat Chocobo,FIN,Final Fantasy,202,normal,common,1,106533,32eb192b-de6b-4814-8077-628d343d014e,0.35,false,false,near_mint,es,USD,2026-09-02T20:46:27.727Z
caja verde,binder,Honored Dreyleader,BLB,Bloomburrow,178,normal,uncommon,1,96107,bc5ee537-52e1-474a-9326-dfacc2a758ab,0.39,false,false,near_mint,es,USD,2026-09-02T20:46:27.728Z
caja verde,binder,Rootcast Apprenticeship,BLC,Bloomburrow Commander,32,normal,rare,1,96144,00756441-a734-4960-9c69-f03a508a1522,1.29,false,false,near_mint,es,USD,2026-09-02T20:46:27.730Z
caja verde,binder,"Haliya, Ascendant Cadet",EOE,Edge of Eternities,218,normal,uncommon,1,107451,683d6eba-7f98-4105-b318-7f2290012f32,0.35,false,false,near_mint,es,USD,2026-09-02T20:46:27.731Z
caja verde,binder,Unforgiving Aim,ECL,Lorwyn Eclipsed,200,normal,common,1,110680,0bef3905-24f8-419b-aeca-396adfc6d0dc,0.35,false,false,near_mint,es,USD,2026-09-02T20:46:27.732Z
caja verde,binder,Scouring Swarm,EOC,Edge of Eternities Commander,16,normal,rare,1,107090,8fc25982-8668-43c4-93db-84e716e8783d,0.49,false,false,near_mint,es,USD,2026-09-02T20:46:27.733Z
caja verde,binder,Arbor Elf,A25,Masters 25,160,normal,common,1,2556,4b81165e-f091-4211-8b47-5ea6868b0d4c,0.99,false,false,near_mint,es,USD,2026-09-02T20:46:27.734Z
caja verde,binder,"Torgal, A Fine Hound",FIN,Final Fantasy,345,normal,uncommon,1,106435,66188ecc-ac97-4dcb-ada3-57d86915a911,1.29,false,false,near_mint,es,USD,2026-09-02T20:46:27.735Z
caja verde,binder,Fyndhorn Elves,CMR,Commander Legends,228,normal,common,1,55649,450744cf-7eba-491b-97b0-ca80c6368bbb,3.99,false,false,near_mint,es,USD,2026-09-02T20:46:27.737Z
caja verde,binder,Elvish Mystic,SOC,Secrets of Strixhaven Commander,266,normal,common,1,112173,eb654a76-62ee-4fd8-83d4-cb912211a9a0,1.29,false,false,near_mint,es,USD,2026-09-02T20:46:27.738Z
caja verde,binder,Eumidian Wastewaker,EOC,Edge of Eternities Commander,8,normal,rare,1,107005,3ee18d18-0167-4caa-adad-9d4435689c80,0.49,false,false,near_mint,es,USD,2026-09-02T20:46:27.739Z
caja verde,binder,Bird,TFIN,Final Fantasy Tokens,17,normal,common,1,106722,8632216a-33c3-4d16-bf25-42e41af53986,,false,false,near_mint,es,USD,2026-09-02T20:46:27.740Z
caja verde,binder,Claim the Kingdom,MSH,Marvel Super Heroes,163,normal,uncommon,1,113428,cf13bfb1-5b44-4363-8de9-ece234233870,0.35,false,false,near_mint,es,USD,2026-09-02T20:46:27.741Z
caja verde,binder,"Multani, Yavimaya's Avatar",EOC,Edge of Eternities Commander,100,normal,mythic,1,107152,c37a0136-1c40-4cd1-8787-a25c377c1741,0.99,false,false,near_mint,es,USD,2026-09-02T20:46:27.743Z
caja verde,binder,Guardian Project,RVR,Ravnica Remastered,146,normal,mythic,1,89617,2c523ef7-d6c4-4887-9a4e-0c2bc6f63676,23.99,false,false,near_mint,es,USD,2026-09-02T20:46:27.744Z
caja verde,binder,Elfsworn Giant,FDN,Foundations,103,normal,common,1,100497,5128a5be-ffa6-4998-8488-872d80b24cb2,0.35,false,false,near_mint,es,USD,2026-09-02T20:46:27.745Z
caja verde,binder,Dwynen's Elite,ORI,Magic Origins,173,normal,uncommon,1,10769,c203722b-3f16-4b6c-9b2e-18169d3f80c9,0.35,false,false,near_mint,es,USD,2026-09-02T20:46:27.746Z
caja verde,binder,Lys Alana Dignitary,ECL,Lorwyn Eclipsed,180,normal,uncommon,1,110793,94e8d6a9-7aa3-4e93-8e4d-e50da7ff09d2,0.35,false,false,near_mint,es,USD,2026-09-02T20:46:27.748Z
caja verde,binder,Sylvan Messenger,ORI,Magic Origins,199,normal,uncommon,1,10743,95e0550c-d3ad-4bd4-a259-d597991079b1,0.35,false,false,near_mint,es,USD,2026-09-02T20:46:27.749Z
caja verde,binder,Branchblight Stalker,ONE,Phyrexia: All Will Be One,160,normal,common,1,78919,e5290a4c-1f98-4e97-a407-f951e386b8b0,0.35,false,false,near_mint,es,USD,2026-09-02T20:46:27.750Z
caja verde,binder,Drove of Elves,CMA,Commander Anthology,101,normal,uncommon,1,5185,8d134465-8d7d-458b-99e5-e6aa6d285214,1.79,false,false,near_mint,es,USD,2026-09-02T20:46:27.751Z
caja verde,binder,Civic Wayfinder,DDR,Duel Decks: Nissa vs. Ob Nixilis,5,normal,common,1,7858,5e9754ec-18d1-4c0f-abdd-49ce2d778083,0.35,false,false,near_mint,es,USD,2026-09-02T20:46:27.752Z
caja verde,binder,Architect of the Untamed,DRC,Aetherdrift Commander,108,normal,rare,1,103350,f11222dc-0dd8-48df-8106-f9e99f0b6e11,0.49,false,false,near_mint,es,USD,2026-09-02T20:46:27.753Z
caja verde,binder,Lys Alana Huntmaster,KHC,Kaldheim Commander,67,normal,common,1,57184,0849f67b-da5d-49f7-840f-f87f48518156,1.99,false,false,near_mint,es,USD,2026-09-02T20:46:27.754Z
caja verde,binder,Priest of Titania,MH3,Modern Horizons 3,286,normal,uncommon,1,91788,eb11921b-1b28-483f-a707-4de21a6daa31,1.99,false,false,near_mint,es,USD,2026-09-02T20:46:27.755Z
caja verde,binder,Balamb T-Rexaur,FIN,Final Fantasy,173,normal,common,1,106456,e5857b1b-73bc-458e-b26b-7ed8bef785f3,0.35,false,false,near_mint,es,USD,2026-09-02T20:46:27.756Z
caja verde,binder,Wood Elves,LTC,Tales of Middle-earth Commander,263,normal,common,1,83221,7e6efd6b-6815-4308-9cca-948dd43a0424,0.39,false,false,near_mint,es,USD,2026-09-02T20:46:27.757Z
caja verde,binder,Jaspera Sentinel,KHM,Kaldheim,178,normal,common,1,56770,1a68615d-9808-479d-aa80-50651246954e,0.35,false,false,near_mint,es,USD,2026-09-02T20:46:27.758Z
caja verde,binder,Glittermonger,SNC,Streets of New Capenna,149,normal,common,1,67628,1a3d70d2-0604-41b3-8dd1-bfeb05832271,0.35,false,false,near_mint,es,USD,2026-09-02T20:46:27.759Z
caja verde,binder,Trystan's Command,ECL,Lorwyn Eclipsed,247,normal,rare,1,110826,ba1d99ca-740a-481a-be89-615e40d56d06,0.49,false,false,near_mint,es,USD,2026-09-02T20:46:27.760Z
caja verde,binder,Creakwood Safewright,ECL,Lorwyn Eclipsed,96,normal,uncommon,1,110727,3bcc24cf-776a-4182-bf77-a611ad90b28f,0.35,false,false,near_mint,es,USD,2026-09-02T20:46:27.761Z
caja verde,binder,Morcant's Eyes,ECL,Lorwyn Eclipsed,185,normal,uncommon,1,110585,a730b254-ff7c-4f89-a559-b44ad7fd6c6c,0.39,false,false,near_mint,es,USD,2026-09-02T20:46:27.762Z
caja verde,binder,Iron-Shield Elf,ECL,Lorwyn Eclipsed,108,normal,uncommon,1,110383,9e0140b2-0185-4adb-b365-2611ce89a0e2,0.59,false,false,near_mint,es,USD,2026-09-02T20:46:27.763Z
caja verde,binder,Shaman of the Pack,KHC,Kaldheim Commander,92,normal,uncommon,1,57272,da9705e2-40e5-4ec9-8aef-2eab28d5a66f,1.49,false,false,near_mint,es,USD,2026-09-02T20:46:27.765Z
caja verde,binder,Blossoming Defense,ECL,Lorwyn Eclipsed,167,normal,uncommon,1,110327,3cce80d0-b937-4325-a603-1278c110f244,0.59,false,false,near_mint,es,USD,2026-09-02T20:46:27.766Z
caja verde,binder,Harrow,OTC,Outlaws of Thunder Junction Commander,194,normal,common,1,93888,db4ea599-e9ee-4776-925e-921b8602d503,0.59,false,false,near_mint,es,USD,2026-09-02T20:46:27.767Z
caja verde,binder,Kodama's Reach,ECC,Lorwyn Eclipsed Commander,113,normal,common,1,110568,90c423cc-1264-4067-9c50-e7c88c68ef2d,2.99,false,false,near_mint,es,USD,2026-09-02T20:46:27.768Z
caja verde,binder,Cultivate,ECC,Lorwyn Eclipsed Commander,103,normal,common,1,110496,4d36559d-3b91-46e4-bc39-c489842adcbf,0.99,false,false,near_mint,es,USD,2026-09-02T20:46:27.769Z
caja verde,binder,Elvish Harbinger,EVG,Duel Decks Anthology: Elves vs. Goblins,4,normal,uncommon,1,12412,78db70ff-f68c-474a-9785-12a71be4f699,5.49,false,false,near_mint,es,USD,2026-09-02T20:46:27.770Z
caja verde,binder,Heritage Druid,EMA,Eternal Masters,171,normal,rare,1,8504,57948c65-4324-42bc-97ae-7cc700eb3817,4.49,false,false,near_mint,es,USD,2026-09-02T20:46:27.771Z
caja verde,binder,Elvish Clancaller,M19,Core Set 2019,179,normal,rare,1,1133,4da3b0bc-84da-4b85-992b-d0700c97157c,0.99,false,false,near_mint,es,USD,2026-09-02T20:46:27.772Z
caja verde,binder,Bastion of Remembrance,TDC,Tarkir: Dragonstorm Commander,171,normal,uncommon,1,104835,9d0c6077-f84c-4e91-87dc-b0ac81d557f8,0.99,false,false,near_mint,es,USD,2026-09-02T20:46:27.773Z
caja verde,binder,Moon-Vigil Adherents,ECL,Lorwyn Eclipsed,184,normal,uncommon,1,110756,60621c37-62e1-4261-ae76-3946b4a0cfa3,0.35,false,false,near_mint,es,USD,2026-09-02T20:46:27.777Z
caja verde,binder,Moonglove Extractor,ECL,Lorwyn Eclipsed,109,normal,common,1,110369,8383e0ab-81b4-4a6b-b87b-dd9180dca1c2,0.35,false,false,near_mint,es,USD,2026-09-02T20:46:27.778Z
caja verde,binder,Vinebred Brawler,ECL,Lorwyn Eclipsed,201,normal,uncommon,1,110353,63c573fe-e74c-48ca-ad05-92f37dc466f1,0.35,false,false,near_mint,es,USD,2026-09-02T20:46:27.779Z
caja verde,binder,Sylvan Ranger,WOC,Wilds of Eldraine Commander,134,normal,common,1,85763,db9edf66-4a30-4d82-9c46-505ed9b8a3f7,0.35,false,false,near_mint,es,USD,2026-09-02T20:46:27.781Z
caja verde,binder,Jagged-Scar Archers,KHC,Kaldheim Commander,65,normal,uncommon,1,57231,71c4346a-a330-49ca-909e-08fd8aec7b3f,0.49,false,false,near_mint,es,USD,2026-09-02T20:46:27.782Z
caja verde,binder,Gaea's Herald,8ED,Eighth Edition,252,normal,rare,1,30284,ab713e16-5103-4f37-b325-a30d3580b5dd,0.99,false,false,near_mint,es,USD,2026-09-02T20:46:27.783Z
caja verde,binder,Canopy Tactician,KHM,Kaldheim,378,normal,rare,1,56834,3eaf48c9-09bc-4d81-a3a5-432219a71754,6.49,false,false,near_mint,es,USD,2026-09-02T20:46:27.784Z
caja verde,binder,Devoted Druid,SHM,Shadowmoor,110,normal,common,1,24756,820e2f07-f637-4144-b45a-0e1430dcf55e,2.79,false,false,near_mint,es,USD,2026-09-02T20:46:27.785Z
caja verde,binder,Taunting Elf,ONS,Onslaught,290,normal,common,1,31013,6b24af94-9632-47da-9bf3-e81bb743cd43,0.39,false,false,near_mint,es,USD,2026-09-02T20:46:27.786Z
caja verde,binder,"Marwyn, the Nurturer",KHC,Kaldheim Commander,68,normal,rare,1,57249,aad61d99-5c8e-47b7-ab1a-e70905f59205,8.99,false,false,near_mint,es,USD,2026-09-02T20:46:27.787Z
caja verde,binder,Frog-Squirrels,TLE,Avatar: The Last Airbender Eternal,251,normal,common,1,108227,73f4c4b7-5c05-48a5-adb2-ca850df8cd03,0.35,false,false,near_mint,es,USD,2026-09-02T20:46:27.788Z
caja verde,binder,Primeval Titan,IMA,Iconic Masters,183,normal,mythic,1,3442,6d5537da-112e-4679-a113-b5d7ce32a66b,6.49,false,false,near_mint,es,USD,2026-09-02T20:46:27.789Z
caja verde,binder,Curious Forager,BLB,Bloomburrow,169,normal,uncommon,1,95929,64653b4a-e139-45f9-a915-ab49afb6b795,0.35,false,false,near_mint,es,USD,2026-09-02T20:46:27.790Z
caja verde,binder,Gilt-Leaf's Embrace,ECL,Lorwyn Eclipsed,177,normal,common,1,110769,739e5ab5-d562-407a-906e-c5c5173ad325,0.35,false,false,near_mint,es,USD,2026-09-02T20:46:27.791Z
caja verde,binder,Great Forest Druid,ECL,Lorwyn Eclipsed,178,normal,common,1,110554,8793a19e-6743-4031-86d9-2ff55f384549,0.35,false,false,near_mint,es,USD,2026-09-02T20:46:27.792Z
caja verde,binder,Gene Pollinator,EOE,Edge of Eternities,186,normal,common,1,107772,ce7a8eec-a029-4ee1-b2d6-405d903d4640,0.35,false,false,near_mint,es,USD,2026-09-02T20:46:27.793Z
caja verde,binder,Cactuar,FIN,Final Fantasy,177,normal,uncommon,1,106657,d5273db4-6214-41e4-825a-612fca8bbe03,0.35,false,false,near_mint,es,USD,2026-09-02T20:46:27.794Z
caja verde,binder,"Doran, Besieged by Time",ECL,Lorwyn Eclipsed,215,normal,rare,1,110504,568aa70a-6765-486a-bd37-5d38b16c46de,0.69,false,false,near_mint,es,USD,2026-09-02T20:46:27.795Z
caja verde,binder,Bogwater Lumaret,SOS,Secrets of Strixhaven,177,normal,common,1,111650,7a42f51a-3377-47bb-b6fb-c0515bf1dcfb,0.35,false,false,near_mint,es,USD,2026-09-02T20:46:27.797Z
caja verde,binder,Hydra's Growth,THB,Theros Beyond Death,172,normal,uncommon,1,46890,5112ee2a-a6f3-4280-a915-000a97a9cdef,2.49,false,false,near_mint,es,USD,2026-09-02T20:46:27.798Z
caja verde,binder,"Wolverine, Fierce Fighter",MSH,Marvel Super Heroes,240,normal,rare,1,113257,c1c7aa22-51b0-45ee-9a8e-5493a1820d8c,0.49,false,false,near_mint,es,USD,2026-09-02T20:46:27.799Z
caja verde,binder,Ajani's Comrade,AER,Aether Revolt,187,normal,uncommon,1,6227,5bebef1c-2f03-4e0a-b3ba-861546ebf8a6,0.35,false,false,near_mint,es,USD,2026-09-02T20:46:27.800Z
caja verde,binder,Gathering Stone,ECL,Lorwyn Eclipsed,257,normal,uncommon,1,110547,81dfbfe1-143a-4637-b683-a34cfc51993d,1.79,false,false,near_mint,es,USD,2026-09-02T20:46:27.801Z
caja verde,binder,"Exdeath, Void Warlock // Neo Exdeath, Dimension's End",FIN,Final Fantasy,220,normal,uncommon,1,106520,1b4bab87-4000-461d-8b58-d34928fee305,0.35,false,false,near_mint,es,USD,2026-09-02T20:46:27.802Z
caja verde,binder,Supportive Parents,SPM,Marvel's Spider-Man,119,normal,uncommon,1,108580,d3fe8a5b-4166-46cc-b910-71cd1a19ae1b,0.35,false,false,near_mint,es,USD,2026-09-02T20:46:27.803Z
caja verde,binder,"Kraven, Proud Predator",SPM,Marvel's Spider-Man,132,normal,uncommon,1,108567,af7c63e1-eccc-40a2-ba14-ce0d2a6123fc,0.35,false,false,near_mint,es,USD,2026-09-02T20:46:27.804Z
caja verde,binder,Spry and Mighty,ECL,Lorwyn Eclipsed,329,normal,rare,1,110851,ddc88ce9-716c-4328-95ec-f1c336d04c33,0.79,false,false,near_mint,es,USD,2026-09-02T20:46:27.805Z
caja verde,binder,Earl of Squirrel,PUST,Unstable Promos,108,foil,rare,1,3645,c7188d0f-0329-4ecc-ab2e-dea7c5f39852,2.29,false,false,near_mint,es,USD,2026-09-02T20:46:27.806Z
caja verde,binder,Eumidian Terrabotanist,EOE,Edge of Eternities,180,normal,uncommon,1,107729,64fb2981-86ed-478a-89cd-c6bb078a5bc7,0.35,false,false,near_mint,es,USD,2026-09-02T20:46:27.807Z
caja verde,binder,Sidequest: Raise a Chocobo // Black Chocobo,FIN,Final Fantasy,201,normal,uncommon,1,106508,0cbf911c-a721-4b84-8645-d83a0966be18,0.35,false,false,near_mint,es,USD,2026-09-02T20:46:27.808Z
caja verde,binder,Wood Elves,MOC,March of the Machine Commander,316,normal,common,1,81671,527cf39d-29d1-4c19-9c49-ebf611ca15d5,0.99,false,false,near_mint,es,USD,2026-09-02T20:46:27.809Z
caja verde,binder,Voracious Hydra,M20,Core Set 2020,200,normal,rare,1,45261,74bbe44f-864a-446c-bfc9-5f5188e663b8,5.99,false,false,near_mint,es,USD,2026-09-02T20:46:27.810Z
caja verde,binder,Nightmare Sower,ECL,Lorwyn Eclipsed,114,normal,uncommon,1,110721,35dfa0f9-faf3-4a85-b02d-0c5830783511,0.35,false,false,near_mint,es,USD,2026-09-02T20:46:27.812Z
caja verde,binder,Immaculate Magistrate,CMR,Commander Legends,234,normal,rare,1,55918,d9208db8-1ba5-4f9c-90a4-03e377ae6f86,3.49,false,false,near_mint,es,USD,2026-09-02T20:46:27.813Z
caja verde,binder,Dragon Sniper,TDM,Tarkir: Dragonstorm,139,normal,uncommon,1,105120,074b1e00-45bb-4436-8f5e-058512b2d08a,2.49,false,false,near_mint,es,USD,2026-09-02T20:46:27.814Z
caja verde,binder,"Michelangelo, Mutant BFF",TMT,Teenage Mutant Ninja Turtles,120,normal,uncommon,1,111436,02f7281f-b50c-4a1c-a2fc-3caeb6ab7d41,0.35,false,false,near_mint,es,USD,2026-09-02T20:46:27.816Z
caja verde,binder,Thragtusk,NCC,New Capenna Commander,316,normal,rare,1,68373,beda7acd-e970-4222-9577-5133765d6052,0.49,false,false,near_mint,es,USD,2026-09-02T20:46:27.817Z
caja verde,binder,Elemental Teachings,TLA,Avatar: The Last Airbender,178,normal,rare,1,109539,cac8ac35-6860-4839-ab85-93d409206c08,0.49,false,false,near_mint,es,USD,2026-09-02T20:46:27.818Z
caja verde,binder,Training Regimen,MSH,Marvel Super Heroes,192,normal,uncommon,1,113896,a27aee6d-1fc3-4307-bb16-b964d723fe2f,0.35,false,false,near_mint,es,USD,2026-09-02T20:46:27.819Z
caja verde,binder,"Garruk, Primal Hunter",C21,Commander 2021,190,normal,mythic,1,58605,79cfc0d7-fccb-47fb-87b6-08dd32528be6,2.79,false,false,near_mint,es,USD,2026-09-02T20:46:27.820Z
caja verde,binder,Beledros Witherbloom,SOC,Secrets of Strixhaven Commander,296,normal,mythic,1,111849,144c2886-3d37-4a8a-8e37-99ccff66599e,3.49,false,false,near_mint,es,USD,2026-09-02T20:46:27.821Z
caja verde,binder,Lifecraft Cavalry,AER,Aether Revolt,113,normal,common,1,6301,b2a92a03-4e1d-4b79-ad75-a29db2ea5495,0.35,false,false,near_mint,es,USD,2026-09-02T20:46:27.822Z
caja verde,binder,Rockalanche,TLA,Avatar: The Last Airbender,192,normal,uncommon,1,109701,52b213d3-6f68-43e6-91e9-435d8fe1f34c,0.35,false,false,near_mint,es,USD,2026-09-02T20:46:27.823Z
caja verde,binder,Infirmary Healer // Stream of Life,SOS,Secrets of Strixhaven,152,normal,uncommon,1,112645,911442e3-3003-4683-a766-e791e9553667,0.35,false,false,near_mint,es,USD,2026-09-02T20:46:27.824Z
caja verde,binder,Atmospheric Greenhouse,EOE,Edge of Eternities,171,normal,uncommon,1,107532,bf05e378-7a0c-49e3-8c6e-c0fd56796434,0.35,false,false,near_mint,es,USD,2026-09-02T20:46:27.825Z
caja verde,binder,Jumbo Cactuar,FIN,Final Fantasy,191,normal,rare,1,103807,db01c222-8795-47e9-a789-e7f749a3ee7d,5.49,false,false,near_mint,es,USD,2026-09-02T20:46:27.826Z
caja verde,binder,Mutable Explorer,ECL,Lorwyn Eclipsed,186,normal,rare,1,108959,8f35d95a-caea-4d5e-b98e-55da1ba7c92d,2.29,false,false,near_mint,es,USD,2026-09-02T20:46:27.827Z
caja verde,binder,Gilded Goose,SOC,Secrets of Strixhaven Commander,269,normal,rare,1,111952,5ea59511-24b1-4925-9948-9d4c0d27d1c5,0.69,false,false,near_mint,es,USD,2026-09-02T20:46:27.828Z
caja verde,binder,"Lathril, Blade of the Elves",FDN,Foundations,242,normal,rare,1,100811,8d4e5480-a287-4a25-b855-a26dae555b1c,2.49,false,false,near_mint,es,USD,2026-09-02T20:46:27.829Z
caja verde,binder,Beast Whisperer,CLU,Ravnica: Clue Edition,158,normal,rare,1,91236,daf4bcd2-3ae4-4803-9ea1-3bcc3de5ca59,11.99,false,false,near_mint,es,USD,2026-09-02T20:46:27.830Z
caja verde,binder,Shamanic Revelation,BLC,Bloomburrow Commander,237,normal,rare,1,96431,b4e193e8-1127-475b-9af6-d0d0c44adf49,2.29,false,false,near_mint,es,USD,2026-09-02T20:46:27.832Z
caja verde,binder,Circle of Dreams Druid,AFR,Adventures in the Forgotten Realms,176,normal,rare,1,60412,be6fdec0-a2c4-4da2-ae14-961185eaee66,24.99,false,false,near_mint,es,USD,2026-09-02T20:46:27.833Z
caja verde,binder,Elvish Piper,UDS,Urza's Destiny,104,normal,rare,1,34741,55e76333-0959-4572-a1ca-d77f76da1279,4.99,false,false,near_mint,es,USD,2026-09-02T20:46:27.834Z
caja verde,binder,Llanowar Elves,M19,Core Set 2019,314,normal,common,1,998,73542493-cd0b-4bb7-a5b8-8f889c76e4d6,0.79,false,false,near_mint,es,USD,2026-09-02T20:46:27.835Z
caja verde,binder,Sazh's Chocobo,FIN,Final Fantasy,200,normal,uncommon,1,103809,dda6b4d0-1b60-46b0-b321-b9ffe15afff4,1.49,false,false,near_mint,es,USD,2026-09-02T20:46:27.836Z
caja verde,binder,"Freyalise, Llanowar's Fury",CMM,Commander Masters,290,normal,rare,1,84364,52311be7-b484-4b14-a091-904c6b0c83d1,4.99,false,false,near_mint,es,USD,2026-09-02T20:46:27.837Z
caja verde,binder,Fauna Shaman,UMA,Ultimate Masters,164,normal,rare,1,43348,bddcec63-a60a-4d73-af6d-9ac978703811,5.99,false,false,near_mint,es,USD,2026-09-02T20:46:27.838Z
caja verde,binder,Sakura-Tribe Elder,CLB,Commander Legends: Battle for Baldur's Gate,832,normal,common,1,69704,ec23f98d-1bfd-4957-92b6-0a1da823db0f,0.79,false,false,near_mint,es,USD,2026-09-02T20:46:27.839Z
caja verde,binder,Night of the Sweets' Revenge,WOE,Wilds of Eldraine,178,normal,uncommon,1,85310,27f53bed-7075-4303-aa9e-fcca0a266e19,2.29,false,false,near_mint,es,USD,2026-09-02T20:46:27.841Z
caja verde,binder,Professor Dellian Fel,SOS,Secrets of Strixhaven,214,normal,mythic,1,111712,6ff3b4d8-1271-4c5d-8834-7662244f173d,6.49,false,false,near_mint,es,USD,2026-09-02T20:46:27.842Z
caja verde,binder,Ninja Pizza,TMC,Teenage Mutant Ninja Turtles Eternal,32,normal,rare,1,111275,74c24ff9-d3d2-4ffb-bf8b-dba803481a99,4.99,false,false,near_mint,es,USD,2026-09-02T20:46:27.843Z
caja verde,binder,Beastmaster Ascension,BLC,Bloomburrow Commander,118,normal,rare,1,96188,1bccf8a9-d135-431e-bcc0-15ab29f8f8cb,7.99,false,false,near_mint,es,USD,2026-09-02T20:46:27.844Z
caja verde,binder,Sapling Nursery,ECL,Lorwyn Eclipsed,192,normal,rare,1,110712,3199bea9-fef7-45fe-8777-2103d84a9347,2.79,false,false,near_mint,es,USD,2026-09-02T20:46:27.845Z
caja verde,binder,"Witherbloom, the Balancer",SOS,Secrets of Strixhaven,245,normal,mythic,1,111762,ed7b2361-97c6-49e2-bf0b-4770f4ffe2f0,4.49,false,false,near_mint,es,USD,2026-09-02T20:46:27.846Z
caja verde,binder,"Camellia, the Seedmiser",BLB,Bloomburrow,207,normal,rare,1,95759,2c16eaec-924c-42f6-9fea-07edd7ed93b9,2.49,false,false,near_mint,es,USD,2026-09-02T20:46:27.847Z
caja verde,binder,The Odd Acorn Gang,BLC,Bloomburrow Commander,7,foil,mythic,1,96345,791d9ea0-c70a-47a6-b8a3-0f5d36a5c44d,0.99,false,false,near_mint,es,USD,2026-09-02T20:46:27.848Z
caja verde,binder,Ravenous Squirrel,BLC,Bloomburrow Commander,258,normal,uncommon,1,96540,fe425d81-833f-4ab9-b0e4-a1fa8ed26426,0.49,false,false,near_mint,es,USD,2026-09-02T20:46:27.849Z
caja verde,binder,Vinereap Mentor,BLB,Bloomburrow,238,normal,uncommon,1,95902,29b615ba-45c4-42a1-8525-1535f0b55300,0.49,false,false,near_mint,es,USD,2026-09-02T20:46:27.850Z
caja verde,binder,Kalonian Hydra,BLC,Bloomburrow Commander,226,normal,mythic,1,96396,9a936dcd-684a-47f6-860c-2f3541d8286c,7.99,false,false,near_mint,es,USD,2026-09-02T20:46:27.852Z
caja verde,binder,Garruk's Uprising,ECC,Lorwyn Eclipsed Commander,109,normal,uncommon,1,110598,b58c4033-f764-42f6-966f-b7202a2babbf,1.29,false,false,near_mint,es,USD,2026-09-02T20:46:27.853Z
caja verde,binder,Host of the Hereafter,TDM,Tarkir: Dragonstorm,193,normal,uncommon,1,104448,0f182957-8133-45a7-80a3-1944bead4d43,0.35,false,false,near_mint,es,USD,2026-09-02T20:46:27.854Z
caja verde,binder,Scurry of Squirrels,BLC,Bloomburrow Commander,33,normal,rare,1,96453,c343b965-af2b-45c3-babb-9242736cf1e5,4.49,false,false,near_mint,es,USD,2026-09-02T20:46:27.855Z
caja verde,binder,Deep Forest Hermit,BLC,Bloomburrow Commander,213,normal,rare,1,96529,f712e233-1de8-45e4-9225-790d608ac90b,0.79,false,false,near_mint,es,USD,2026-09-02T20:46:27.856Z
caja verde,binder,"Emil, Vastlands Roamer",SOS,Secrets of Strixhaven,146,normal,uncommon,1,112589,3654416d-8558-4af2-9e10-18dbc8f2b376,0.35,false,false,near_mint,es,USD,2026-09-02T20:46:27.857Z
caja verde,binder,Ouroboroid,EOE,Edge of Eternities,201,normal,mythic,1,106971,209c591a-4ab2-4e89-9523-a7b766cf4e51,49.99,false,false,near_mint,es,USD,2026-09-02T20:46:27.858Z
caja verde,binder,Gourmand's Talent,BLC,Bloomburrow Commander,31,normal,rare,1,96374,89670a1b-a6f1-491d-bbb4-92e3382da653,0.79,false,false,near_mint,es,USD,2026-09-02T20:46:27.859Z
caja verde,binder,Swiftfoot Boots,CLB,Commander Legends: Battle for Baldur's Gate,339,normal,uncommon,1,68874,16c23cde-e1c0-4cdf-ae59-18d64db518d4,4.99,false,false,near_mint,es,USD,2026-09-02T20:46:27.860Z
caja verde,binder,The Serpent Society,MSH,Marvel Super Heroes,226,normal,rare,1,113401,209855ee-d531-4b58-926b-8da171d46619,0.49,false,false,near_mint,es,USD,2026-09-02T20:46:27.861Z
caja verde,binder,Augur of Autumn,EOC,Edge of Eternities Commander,92,normal,rare,1,107146,c09f0e1b-c13b-4e53-ab0e-c8b8a6151d82,0.69,false,false,near_mint,es,USD,2026-09-02T20:46:27.862Z
caja verde,binder,Oracle of Mul Daya,2X2,Double Masters 2022,370,normal,rare,1,70279,68dce077-4ecd-406a-9052-05d5485ffa6f,8.49,false,false,near_mint,es,USD,2026-09-02T20:46:27.863Z
caja verde,binder,Blood Artist,VOC,Crimson Vow Commander,119,normal,uncommon,1,64665,fe97a73f-33fd-4394-a393-ceb41a214820,4.99,false,false,near_mint,es,USD,2026-09-02T20:46:27.864Z
caja verde,binder,Viscera Seer,SOC,Secrets of Strixhaven Commander,229,normal,common,1,112185,f511830b-1c1f-4d30-aa5d-4314726d142e,0.69,false,false,near_mint,es,USD,2026-09-02T20:46:27.865Z
caja verde,binder,Marionette Apprentice,MH3,Modern Horizons 3,100,normal,uncommon,1,94625,d16f8670-f038-400a-83e7-a53a7f8c47ac,2.99,false,false,near_mint,es,USD,2026-09-02T20:46:27.866Z
caja verde,binder,"Ygra, Eater of All",BLB,Bloomburrow,241,normal,mythic,1,95825,b9ac7673-eae8-4c4b-889e-5025213a6151,16.99,false,false,near_mint,es,USD,2026-09-02T20:46:27.867Z
caja verde,binder,"Hellcat, Undying Vigilante",MSH,Marvel Super Heroes,170,normal,uncommon,1,113267,d7922c5f-d6ee-4b62-a537-3be5aa280e10,0.35,false,false,near_mint,es,USD,2026-09-02T20:46:27.868Z
caja verde,binder,Glittering Stockpile,OTC,Outlaws of Thunder Junction Commander,167,normal,uncommon,1,93695,74713a58-e343-4504-9900-cf9d76951242,0.79,false,false,near_mint,es,USD,2026-09-02T20:46:27.869Z
caja verde,binder,Harmonious Grovestrider,EOE,Edge of Eternities,189,normal,uncommon,1,106789,e320abed-f145-42d3-b402-4f82e3a56389,0.35,false,false,near_mint,es,USD,2026-09-02T20:46:27.870Z
caja verde,binder,Pestbrood Sloth,SOS,Secrets of Strixhaven,157,normal,uncommon,1,112680,c1251ae6-2f19-4f84-ab02-6a6cc7ce6056,0.35,false,false,near_mint,es,USD,2026-09-02T20:46:27.871Z
caja verde,binder,Arasta of the Endless Web,TDC,Tarkir: Dragonstorm Commander,244,normal,rare,1,104815,95a87b4e-f0ea-457c-9517-4acf313c4ca6,0.49,false,false,near_mint,es,USD,2026-09-02T20:46:27.872Z
caja verde,binder,The Legend of Kyoshi // Avatar Kyoshi,TLA,Avatar: The Last Airbender,186,normal,mythic,1,109694,4887ce64-7c98-4bd7-95db-0c43ab71cc6e,9.99,false,false,near_mint,es,USD,2026-09-02T20:46:27.874Z
caja verde,binder,Shared Roots,TLA,Avatar: The Last Airbender,196,normal,uncommon,1,109570,e7847ba5-e85e-417f-96c0-aef2e6f83994,0.39,false,false,near_mint,es,USD,2026-09-02T20:46:27.875Z
caja verde,binder,Springbloom Druid,SOC,Secrets of Strixhaven Commander,287,normal,common,1,112117,c7b7d415-d9b4-49b7-ab31-b2fc91d57fe3,0.49,false,false,near_mint,es,USD,2026-09-02T20:46:27.876Z
caja verde,binder,"Moraug, Fury of Akoum",EOC,Edge of Eternities Commander,89,normal,mythic,1,107013,4481eab8-9e7d-4db8-b1f2-fdf5ee1919a2,4.49,false,false,near_mint,es,USD,2026-09-02T20:46:27.877Z
caja verde,binder,Tifa Lockhart,FIN,Final Fantasy,206,normal,rare,1,105765,fb781323-2746-405d-a9b2-e778c037a6e9,3.99,false,false,near_mint,es,USD,2026-09-02T20:46:27.878Z
caja verde,binder,Stomping Ground,EOE,Edge of Eternities,258,normal,rare,1,106763,69be21b4-c613-47c6-ba57-f4785861af3e,9.99,false,false,near_mint,es,USD,2026-09-02T20:46:27.879Z
caja verde,binder,Dragonskull Summit,DSC,Duskmourn: House of Horror Commander,271,normal,rare,1,99110,3b96a40e-828a-4cec-99cd-130dbcbdc67c,1.29,false,false,near_mint,es,USD,2026-09-02T20:46:27.880Z
caja verde,binder,Cinder Glade,ECC,Lorwyn Eclipsed Commander,146,normal,rare,1,110469,306a7feb-f254-4ef1-a813-709601e87905,0.69,false,false,near_mint,es,USD,2026-09-02T20:46:27.881Z
caja verde,binder,Rampaging Baloths,EOC,Edge of Eternities Commander,104,normal,rare,1,107077,84aa18de-6acc-46cc-8e28-3046790a6751,0.69,false,false,near_mint,es,USD,2026-09-02T20:46:27.882Z
caja verde,binder,Karplusan Forest,EOC,Edge of Eternities Commander,164,normal,rare,1,107047,67198b97-bac2-480f-aea8-12841e8884de,1.49,false,false,near_mint,es,USD,2026-09-02T20:46:27.883Z
caja verde,binder,"Korvold, Fae-Cursed King",EOC,Edge of Eternities Commander,120,normal,mythic,1,107032,607c1793-8e5a-4ebf-87c6-7f9c99bbd29a,1.29,false,false,near_mint,es,USD,2026-09-02T20:46:27.884Z
caja verde,binder,"Omnath, Locus of Rage",ECC,Lorwyn Eclipsed Commander,129,normal,mythic,1,110515,637c5910-f835-496e-b1b9-445bfb71da97,0.99,false,false,near_mint,es,USD,2026-09-02T20:46:27.885Z
caja verde,binder,Twilight Mire,SOC,Secrets of Strixhaven Commander,418,normal,rare,1,111903,3cc8186b-b46f-46c0-8dfb-9e423e430048,0.79,false,false,near_mint,es,USD,2026-09-02T20:46:27.886Z
caja verde,binder,Awaken the Woods,BRO,The Brothers' War,170,normal,mythic,1,75326,1c95f8b8-faba-4412-8d8f-093e2ec903f0,17.99,false,false,near_mint,es,USD,2026-09-02T20:46:27.887Z
caja verde,binder,Cabaretti Courtyard,EOC,Edge of Eternities Commander,151,normal,common,1,107154,c54ddd4e-f668-4ec8-b123-59afa977eba4,0.69,false,false,near_mint,es,USD,2026-09-02T20:46:27.888Z
caja verde,binder,Roiling Regrowth,EOC,Edge of Eternities Commander,105,normal,uncommon,1,106984,2c446dbb-b883-47e9-aab3-ac921ff218f8,0.69,false,false,near_mint,es,USD,2026-09-02T20:46:27.889Z
caja verde,binder,Beast Within,EOC,Edge of Eternities Commander,93,normal,uncommon,1,107164,ccac70d4-6e04-4802-8bb8-021368a40e14,1.79,false,false,near_mint,es,USD,2026-09-02T20:46:27.890Z
caja verde,binder,Assassin's Trophy,2X2,Double Masters 2022,175,normal,rare,1,70437,aeb63464-d06b-4626-a57a-1e393ef04a58,2.79,false,false,near_mint,es,USD,2026-09-02T20:46:27.891Z
caja verde,binder,Sol Ring,M3C,Modern Horizons 3 Commander,305,normal,uncommon,1,94714,19911e6e-7c35-4281-b31c-266382f052cc,2.99,false,false,near_mint,es,USD,2026-09-02T20:46:27.892Z
caja verde,binder,Blasphemous Act,ECC,Lorwyn Eclipsed Commander,89,normal,rare,1,110661,f349a283-a3ee-468b-92c5-d74f53f4d621,1.99,false,false,near_mint,es,USD,2026-09-02T20:46:27.893Z
caja verde,binder,"Szarel, Genesis Shepherd",EOC,Edge of Eternities Commander,4,normal,mythic,1,106766,89b61123-b10f-4bcf-b5f9-1f302f9b22d1,1.29,false,false,near_mint,es,USD,2026-09-02T20:46:27.894Z
caja verde,binder,Rootbound Crag,TMC,Teenage Mutant Ninja Turtles Eternal,72,normal,rare,1,111387,f01bb3fd-14c6-47cb-aba3-e3069da56c9f,0.69,false,false,near_mint,es,USD,2026-09-02T20:46:27.895Z
caja verde,binder,"Tannuk, Memorial Ensign",EOE,Edge of Eternities,233,normal,uncommon,1,106779,52498b7b-0389-4e7b-b29f-7ac86aab9229,1.29,false,false,near_mint,es,USD,2026-09-02T20:46:27.896Z
caja verde,binder,Drill Too Deep,EOE,Edge of Eternities,133,normal,common,1,107760,b9d3b6e8-47c8-49e3-b204-8b659e127bde,0.35,false,false,near_mint,es,USD,2026-09-02T20:46:27.897Z
caja verde,binder,Harrow,EOC,Edge of Eternities Commander,98,normal,common,1,107003,3e76be46-cf81-4fef-bc5b-f87666cb0413,0.69,false,false,near_mint,es,USD,2026-09-02T20:46:27.898Z
caja verde,binder,Soul of Windgrace,EOC,Edge of Eternities Commander,126,normal,mythic,1,107026,5a80f7e1-1d79-4302-a603-73eb060b97a6,0.99,false,false,near_mint,es,USD,2026-09-02T20:46:27.899Z
caja verde,binder,Tear Asunder,EOC,Edge of Eternities Commander,109,normal,uncommon,1,107189,e408c673-4a1f-45db-827a-75c501e1b3d6,0.99,false,false,near_mint,es,USD,2026-09-02T20:46:27.900Z
caja verde,binder,"Hearthhull, the Worldseed",EOC,Edge of Eternities Commander,1,normal,mythic,1,107054,6b913e79-a9f6-44d4-bb37-c4f6f66b8151,1.99,false,false,near_mint,es,USD,2026-09-02T20:46:27.901Z
caja verde,binder,Training Compound,MSH,Marvel Super Heroes,275,normal,rare,1,113341,c91e28db-307f-462a-88aa-581d10e77f10,2.29,false,false,near_mint,es,USD,2026-09-02T20:46:27.902Z
caja verde,binder,Mayhem Devil,EOC,Edge of Eternities Commander,121,normal,uncommon,1,107049,674f3a8a-4552-4289-b92a-06ce158f115c,0.99,false,false,near_mint,es,USD,2026-09-02T20:46:27.903Z
caja verde,binder,Evendo Brushrazer,EOC,Edge of Eternities Commander,10,normal,rare,1,107086,8b9001a4-953c-4a32-b51a-c6bec7e74f9e,0.49,false,false,near_mint,es,USD,2026-09-02T20:46:27.904Z
caja verde,binder,End-Blaze Epiphany,ECL,Lorwyn Eclipsed,134,normal,rare,2,110684,0f0a90ae-b3b3-4f52-8997-eac514b29e57,0.49,false,false,near_mint,es,USD,2026-09-02T20:46:27.580Z
caja verde,binder,Call the Mountain Chocobo,FIN,Final Fantasy,131,normal,common,2,106633,b2e1986c-2852-4843-bdc4-eddb727ba3d4,0.35,false,false,near_mint,es,USD,2026-09-02T20:46:27.581Z
caja verde,binder,Brimstone Volley,2XM,Double Masters,120,normal,uncommon,2,52172,94fa0577-f02a-4d24-835b-fef8d849b37a,0.35,false,false,near_mint,es,USD,2026-09-02T20:46:27.604Z
caja verde,binder,Edge Rover,EOE,Edge of Eternities,179,normal,uncommon,2,107489,90741ec9-6893-42d4-b510-8664666094e3,0.35,false,false,near_mint,es,USD,2026-09-02T20:46:27.639Z
caja verde,binder,Prismatic Undercurrents,ECL,Lorwyn Eclipsed,189,normal,uncommon,2,110828,bb7490f2-1425-495f-b7d4-2f1e0df7490e,0.35,false,false,near_mint,es,USD,2026-09-02T20:46:27.665Z
caja verde,binder,Imperious Perfect,KHC,Kaldheim Commander,64,normal,rare,2,57248,a93e9d33-0c5d-4890-a1aa-84f59af9d4fb,1.29,false,false,near_mint,es,USD,2026-09-02T20:46:27.686Z
caja verde,binder,Dawnhand Eulogist,ECL,Lorwyn Eclipsed,99,normal,common,2,110536,75a97f69-f3dc-4d33-8008-c1f1a7c15a2f,0.35,false,false,near_mint,es,USD,2026-09-02T20:46:27.693Z
caja verde,binder,Ant-Man's Army,MSH,Marvel Super Heroes,161,normal,common,2,113743,61a89566-06c1-404f-8217-e5276e2dc5a2,0.35,false,false,near_mint,es,USD,2026-09-02T20:46:27.717Z
caja verde,binder,Elvish Archdruid,FDN,Foundations,219,normal,rare,2,100341,341da856-7414-403b-b2e3-4bebd58a5aa4,2.29,false,false,near_mint,es,USD,2026-09-02T20:46:27.722Z
caja verde,binder,"Mazirek, Kraul Death Priest",SOC,Secrets of Strixhaven Commander,319,normal,rare,3,112039,940ae3c2-7ac2-412b-afd0-c8b0099bc3aa,0.49,false,false,near_mint,es,USD,2026-09-02T20:46:27.729Z
caja verde,binder,Eclipsed Elf,ECL,Lorwyn Eclipsed,336,normal,uncommon,2,110751,57708ef7-ef10-49c4-8cf7-7055cf7280a0,0.49,false,false,near_mint,es,USD,2026-09-02T20:46:27.764Z
caja verde,binder,Eclipsed Elf,ECL,Lorwyn Eclipsed,218,normal,uncommon,2,110800,9c8579f3-6125-4f22-b1c2-b7a0cfc50eed,0.35,false,false,near_mint,es,USD,2026-09-02T20:46:27.774Z
caja verde,binder,"Trystan, Callous Cultivator // Trystan, Penitent Culler",ECL,Lorwyn Eclipsed,199,normal,rare,2,110307,2094f9b6-ce84-47d9-8819-81db14ba483f,0.49,false,false,near_mint,es,USD,2026-09-02T20:46:27.780Z
caja verde,binder,Earth Kingdom General,TLA,Avatar: The Last Airbender,173,normal,uncommon,2,109481,8688fce5-74b1-41e1-a59a-05a3878a75cb,0.35,false,false,near_mint,es,USD,2026-09-02T20:46:27.811Z
carpeta naranja,binder,Glamer Gifter,ECL,Lorwyn Eclipsed,49,normal,uncommon,1,110609,bd764dd4-2395-4138-ac29-260eac1aeaae,0.35,false,false,near_mint,es,USD,2026-09-02T23:05:57.188Z
carpeta naranja,binder,Donatello's Technique,TMT,Teenage Mutant Ninja Turtles,39,normal,uncommon,1,111605,e570082f-8129-44d2-b471-ec7f46a98dbd,0.35,false,false,near_mint,es,USD,2026-09-02T23:05:57.189Z
carpeta naranja,binder,Tester of the Tangential,SOS,Secrets of Strixhaven,69,normal,uncommon,1,112386,bbd708ec-eef4-4f45-99dd-60e1cec4b991,0.35,false,false,near_mint,es,USD,2026-09-02T23:05:57.190Z
carpeta naranja,binder,Illvoi Infiltrator,EOE,Edge of Eternities,59,normal,uncommon,1,107702,2db4ed41-0426-4d7f-bb43-e43392bed83b,0.35,false,false,near_mint,es,USD,2026-09-02T23:05:57.191Z
carpeta naranja,binder,Lavaleaper,ECL,Lorwyn Eclipsed,150,normal,rare,1,110367,82902488-d178-4752-bcfb-dd3050654d23,0.49,false,false,near_mint,es,USD,2026-09-02T23:05:57.192Z
carpeta naranja,binder,Rite of the Dragoncaller,FDN,Foundations,92,normal,mythic,1,101536,673e4561-8dfd-46db-b492-878009666ac7,4.99,false,false,near_mint,es,USD,2026-09-02T23:05:57.193Z
carpeta naranja,binder,The Rollercrusher Ride,DSK,Duskmourn: House of Horror,155,normal,mythic,1,98842,70019956-fca1-4090-b3b6-6a963528e05b,0.99,false,false,near_mint,es,USD,2026-09-02T23:05:57.194Z
carpeta naranja,binder,Unwelcome Sprite,ECL,Lorwyn Eclipsed,81,normal,uncommon,1,110566,902f8d86-fde2-4cdf-88f0-bf63d616f3af,0.35,false,false,near_mint,es,USD,2026-09-02T23:05:57.195Z
carpeta naranja,binder,Emeritus of Conflict // Lightning Bolt,SOS,Secrets of Strixhaven,113,normal,mythic,1,112405,f58dba4f-1abb-47a3-a684-29c32bab95c0,1.49,false,false,near_mint,es,USD,2026-09-02T23:05:57.197Z
carpeta naranja,binder,Molten-Core Maestro,SOS,Secrets of Strixhaven,125,normal,rare,1,111697,326dfe32-3674-4a11-acd8-5ba62371235a,0.49,false,false,near_mint,es,USD,2026-09-02T23:05:57.198Z
carpeta naranja,binder,Spider-Punk,SPM,Marvel's Spider-Man,92,normal,rare,1,107854,0bd41879-fcd4-4211-9b98-47e7cdba5399,3.49,false,false,near_mint,es,USD,2026-09-02T23:05:57.199Z
carpeta naranja,binder,Synthesizer Labship,EOE,Edge of Eternities,81,normal,rare,1,107585,fba6332c-acba-43f9-877c-ca6c5328aae9,0.49,false,false,near_mint,es,USD,2026-09-02T23:05:57.200Z
carpeta naranja,binder,Mistbind Clique,SPG,Special Guests,131,normal,mythic,1,110405,bfe2fb61-4034-40dd-bd17-345bc42099c5,5.99,false,false,near_mint,es,USD,2026-09-02T23:05:57.201Z
carpeta naranja,binder,"Storm, Windrider",MSH,Marvel Super Heroes,230,normal,rare,1,113388,e90196a9-5a76-42f8-9b40-097d02b47f33,0.49,false,false,near_mint,es,USD,2026-09-02T23:05:57.202Z
carpeta naranja,binder,Rakdos Charm,EOC,Edge of Eternities Commander,125,normal,uncommon,1,107041,64b67170-1602-4050-80c0-ade2a6cac211,0.79,false,false,near_mint,es,USD,2026-09-02T23:05:57.203Z
carpeta naranja,binder,Gigastorm Titan,EOE,Edge of Eternities,57,normal,uncommon,1,107603,abc83e0a-0ae5-4087-a751-058a1ba6a920,0.35,false,false,near_mint,es,USD,2026-09-02T23:05:57.204Z
carpeta naranja,binder,Spell Snare,ECL,Lorwyn Eclipsed,71,normal,uncommon,1,110399,b7551b61-656e-4f37-b9da-73174db983b7,0.99,false,false,near_mint,es,USD,2026-09-02T23:05:57.205Z
carpeta naranja,binder,"Cloud, Planet's Champion",FIN,Final Fantasy,552,foil,mythic,1,103799,a6d58067-337d-43dc-b4a3-c6acc701d450,2.49,false,false,near_mint,es,USD,2026-09-02T23:05:57.206Z
carpeta naranja,binder,"Noctis, Prince of Lucis",FIN,Final Fantasy,235,normal,rare,1,105560,1881a66b-956d-4bab-b578-5b2d3407c972,0.49,false,false,near_mint,es,USD,2026-09-02T23:05:57.207Z
carpeta naranja,binder,"Captain America, Living Legend",MSH,Marvel Super Heroes,210,normal,uncommon,1,113199,6516f292-469d-4092-b099-97c698f373cd,0.35,false,false,near_mint,es,USD,2026-09-02T23:05:57.208Z
carpeta naranja,binder,"Sephiroth, Planet's Heir",FIN,Final Fantasy,553,foil,mythic,1,103801,abd73e52-62f0-4e89-9dc6-90ff0bc2a9b7,0.99,false,false,near_mint,es,USD,2026-09-02T23:05:57.209Z
carpeta naranja,binder,"Berta, Wise Extrapolator",SOS,Secrets of Strixhaven,175,normal,rare,1,111715,75f89c36-c81d-4580-9a5c-218fed0c5c9a,0.49,false,false,near_mint,es,USD,2026-09-02T23:05:57.210Z
carpeta naranja,binder,Hope Estheim,FIN,Final Fantasy,226,normal,rare,1,106693,fbdb68cc-5516-481a-94c5-59f6c69b8a17,0.49,false,false,near_mint,es,USD,2026-09-02T23:05:57.211Z
carpeta naranja,binder,Zurgo Stormrender,TDC,Tarkir: Dragonstorm Commander,10,normal,mythic,1,104368,dc8eb325-75c9-4331-830d-3f7d62d77290,9.99,false,false,near_mint,es,USD,2026-09-02T23:05:57.212Z
carpeta naranja,binder,"Terra, Herald of Hope",FIC,Final Fantasy Commander,4,normal,mythic,1,103788,5aa1a2d7-6133-41a9-9662-9008d1309935,2.49,false,false,near_mint,es,USD,2026-09-02T23:05:57.213Z
carpeta naranja,binder,"Y'shtola, Night's Blessed",FIC,Final Fantasy Commander,7,normal,mythic,1,103803,c7f2c2d5-e052-49e8-b5de-712858c2ea78,12.99,false,false,near_mint,es,USD,2026-09-02T23:05:57.214Z
carpeta naranja,binder,Thrummingbird,EOC,Edge of Eternities Commander,80,normal,uncommon,1,107350,f10db847-6598-49a5-8f10-67afd5187d32,0.35,false,false,near_mint,es,USD,2026-09-02T23:05:57.215Z
carpeta naranja,binder,Supreme Verdict,CLU,Ravnica: Clue Edition,211,normal,rare,1,90795,3892f1c5-937e-4ef4-b6f9-e0c0ded070d0,2.99,false,false,near_mint,es,USD,2026-09-02T23:05:57.216Z
carpeta naranja,binder,Prologue to Phyresis,ONE,Phyrexia: All Will Be One,65,normal,common,1,78771,ac625f30-ed91-4b21-ada8-aaa5b2ad79b8,1.29,false,false,near_mint,es,USD,2026-09-02T23:05:57.217Z
carpeta naranja,binder,Sonic Screwdriver,WHO,Doctor Who,186,normal,uncommon,1,87172,2a55d514-b670-4fe2-825b-9ba955977cac,2.99,false,false,near_mint,es,USD,2026-09-02T23:05:57.218Z
carpeta naranja,binder,Volt Charge,DDL,Duel Decks: Heroes vs. Monsters,68,normal,common,1,15697,8fde462c-8146-4688-a78d-113fc4d42851,0.35,false,false,near_mint,es,USD,2026-09-02T23:05:57.219Z
carpeta naranja,binder,Warmaker Gunship,EOE,Edge of Eternities,167,normal,rare,1,107106,9e5957f4-1cae-4989-8b40-27fc6e2fcf5e,0.49,false,false,near_mint,es,USD,2026-09-02T23:05:57.220Z
carpeta naranja,binder,Unstoppable Plan,DFT,Aetherdrift,72,normal,rare,1,103598,aaeb5981-7e6a-4ffd-bb02-4757b2e92f08,4.49,false,false,near_mint,es,USD,2026-09-02T23:05:57.221Z
carpeta naranja,binder,Virulent Silencer,EOE,Edge of Eternities,248,normal,uncommon,1,107009,4120fcfc-3547-4774-a15d-b9cccac04e76,0.35,false,false,near_mint,es,USD,2026-09-02T23:05:57.222Z
carpeta naranja,binder,Ethersworn Canonist,2XM,Double Masters,14,normal,rare,1,51985,abc8e0f8-fdb9-4f24-a3e3-439f6cc3ebdc,4.99,false,false,near_mint,es,USD,2026-09-02T23:05:57.223Z
carpeta naranja,binder,Golem Foundry,EOC,Edge of Eternities Commander,138,normal,common,1,107233,18724f37-d50b-4b00-bd47-c5bc6e62697a,0.35,false,false,near_mint,es,USD,2026-09-02T23:05:57.224Z
carpeta naranja,binder,Arc Reactor,MSH,Marvel Super Heroes,310,normal,rare,1,113164,3b7e9150-028d-482d-9bd8-d9d3e56d24be,0.79,false,false,near_mint,es,USD,2026-09-02T23:05:57.225Z
carpeta naranja,binder,Hawkeye's Bow,MSH,Marvel Super Heroes,132,normal,common,1,113676,485be72b-d784-4886-bb3a-48cff8f781c6,0.35,false,false,near_mint,es,USD,2026-09-02T23:05:57.226Z
carpeta naranja,binder,Shimmer Dragon,MKC,Murders at Karlov Manor Commander,117,normal,rare,1,90323,3983a11e-8a8a-4d9d-868b-13e0c3719abb,0.69,false,false,near_mint,es,USD,2026-09-02T23:05:57.227Z
carpeta naranja,binder,Solar Array,EOC,Edge of Eternities Commander,18,normal,rare,1,107223,03c45b66-ddc7-43f8-95d0-fe2ad743b3a4,0.49,false,false,near_mint,es,USD,2026-09-02T23:05:57.228Z
carpeta naranja,binder,"Iron Man, Master of Machines",MSH,Marvel Super Heroes,216,normal,uncommon,1,113226,8f84ab0a-bf6e-4f28-9da8-998512a224ed,0.35,false,false,near_mint,es,USD,2026-09-02T23:05:57.229Z
carpeta naranja,binder,Spidersilk Net,ZEN,Zendikar,206,normal,common,1,22418,1f75f13e-43e6-4118-83a3-0446c2089d84,0.35,false,false,near_mint,es,USD,2026-09-02T23:05:57.230Z
carpeta naranja,binder,Invasive Maneuvers,EOE,Edge of Eternities,137,normal,uncommon,1,107524,b68010e2-7810-43cb-a52e-e73b1834e54e,0.35,false,false,near_mint,es,USD,2026-09-02T23:05:57.231Z
carpeta naranja,binder,I Am Iron Man,MSH,Marvel Super Heroes,58,normal,common,1,113885,9c401abb-5978-41c0-962b-0432f9433929,0.35,false,false,near_mint,es,USD,2026-09-02T23:05:57.232Z
carpeta naranja,binder,Deepglow Skate,EOC,Edge of Eternities Commander,70,normal,rare,1,107280,6fb36f7b-6d31-413d-8392-ae4f8ca3c0c4,0.69,false,false,near_mint,es,USD,2026-09-02T23:05:57.233Z
carpeta naranja,binder,Tablet of Discovery,SOS,Secrets of Strixhaven,132,normal,uncommon,1,112565,13059664-a940-4a66-8100-0c90b884bab4,3.49,false,false,near_mint,es,USD,2026-09-02T23:05:57.234Z
carpeta naranja,binder,The Millennium Calendar,LCI,The Lost Caverns of Ixalan,257,normal,mythic,1,88955,deabba7f-05ef-41cf-ae3a-d950d051cf1e,6.49,false,false,near_mint,es,USD,2026-09-02T23:05:57.235Z
carpeta naranja,binder,Key to the City,C21,Commander 2021,248,normal,rare,1,58736,f2103bba-f367-45ed-9b2c-bf31bb2926a5,0.79,false,false,near_mint,es,USD,2026-09-02T23:05:57.236Z
carpeta naranja,binder,Talisman of Hierarchy,SOC,Secrets of Strixhaven Commander,358,normal,uncommon,1,111840,0c959368-2f58-48de-b7a5-2bab408652b5,0.99,false,false,near_mint,es,USD,2026-09-02T23:05:57.237Z
carpeta naranja,binder,Bastion Protector,FIC,Final Fantasy Commander,233,normal,rare,1,105821,0ed04a28-2984-4fa6-a11e-f508b7b5446e,0.49,false,false,near_mint,es,USD,2026-09-02T23:05:57.238Z
carpeta naranja,binder,Ninja's Kunai,NEO,Kamigawa: Neon Dynasty,252,normal,common,1,66901,af6ae567-c77a-416a-b609-4df3d0dd2e18,0.35,false,false,near_mint,es,USD,2026-09-02T23:05:57.239Z
carpeta naranja,binder,H.E.R.B.I.E. Scout Unit,MSH,Marvel Super Heroes,247,normal,common,1,113620,3496d0d4-3fab-4ea4-8986-afe5a7155ec6,0.35,false,false,near_mint,es,USD,2026-09-02T23:05:57.240Z
carpeta naranja,binder,Survey Mechan,EOE,Edge of Eternities,245,normal,uncommon,1,107499,9b4278ea-6cd8-45ad-b024-daf3dedd29e0,0.35,false,false,near_mint,es,USD,2026-09-02T23:05:57.241Z
carpeta naranja,binder,Devastating Onslaught,EOE,Edge of Eternities,132,normal,mythic,1,107587,fc779971-24e2-46a8-86be-16f0b244a3d2,3.49,false,false,near_mint,es,USD,2026-09-02T23:05:57.242Z
carpeta naranja,binder,"Cayth, Famed Mechanist",M3C,Modern Horizons 3 Commander,6,normal,mythic,1,94468,5f8e6e5d-63d8-48c3-93a0-e7de1d75f5ca,1.29,false,false,near_mint,es,USD,2026-09-02T23:05:57.243Z
carpeta naranja,binder,Urza's Armor,8ED,Eighth Edition,318,normal,rare,1,30218,e40375cf-8649-4f06-9e08-f0577f35d1bf,0.49,false,false,near_mint,es,USD,2026-09-02T23:05:57.244Z
carpeta naranja,binder,Sword of the Squeak,BLC,Bloomburrow Commander,40,normal,rare,1,96411,a3f4d41d-69a5-412f-aa25-f1acc5cacab2,0.49,false,false,near_mint,es,USD,2026-09-02T23:05:57.245Z
carpeta naranja,binder,Walking Skyscraper,NEO,Kamigawa: Neon Dynasty,263,normal,uncommon,1,66577,958af4ba-f29e-47ef-995e-3985982c75ad,0.35,false,false,near_mint,es,USD,2026-09-02T23:05:57.246Z
carpeta naranja,binder,Bootleggers' Stash,SNC,Streets of New Capenna,288,normal,mythic,1,68052,e32eb60a-14ac-4ea9-a4c5-6597194af0c1,3.49,false,false,near_mint,es,USD,2026-09-02T23:05:57.247Z
carpeta naranja,binder,Thran Temporal Gateway,DOM,Dominaria,233,normal,rare,1,2043,72806f4f-74e8-4621-92b0-5c63bb898884,0.49,false,false,near_mint,es,USD,2026-09-02T23:05:57.249Z
carpeta naranja,binder,Cosmogrand Zenith,EOE,Edge of Eternities,304,normal,mythic,1,107336,d68d891d-333f-46c9-b5a3-3b1d4d3e4563,10.99,false,false,near_mint,es,USD,2026-09-02T23:05:57.250Z
carpeta naranja,binder,Cosmogrand Zenith,EOE,Edge of Eternities,9,normal,mythic,1,107134,b3c1e5e3-4e6b-456a-958c-7a75c38f8183,9.49,false,false,near_mint,es,USD,2026-09-02T23:05:57.251Z
carpeta naranja,binder,Mana Tithe,TSR,Time Spiral Remastered,26,normal,common,1,57764,9ae707d5-d81d-4320-b947-6016dc188898,0.59,false,false,near_mint,es,USD,2026-09-02T23:05:57.252Z
carpeta naranja,binder,Dissection Tools,DSK,Duskmourn: House of Horror,245,normal,rare,1,99037,048bb2c6-91bd-4d6a-a070-c73d8277c264,0.49,false,false,near_mint,es,USD,2026-09-02T23:05:57.253Z
carpeta naranja,binder,Path of Ancestry,TMC,Teenage Mutant Ninja Turtles Eternal,70,normal,common,1,111367,d4c1c9ba-d930-435c-8978-f10a2adb3d4c,0.39,false,false,near_mint,es,USD,2026-09-02T23:05:57.254Z
carpeta naranja,binder,Commander's Sphere,ECC,Lorwyn Eclipsed Commander,139,normal,common,1,110579,a0d50603-e31f-4cd7-b4b6-49847d99eb2e,0.39,false,false,near_mint,es,USD,2026-09-02T23:05:57.255Z
carpeta naranja,binder,Alloy Myr,MM2,Modern Masters 2015,201,normal,common,1,11016,f4a82ecd-ce0c-456e-bb79-b3b8d6602e1b,0.69,false,false,near_mint,es,USD,2026-09-02T23:05:57.256Z
carpeta naranja,binder,Solemn Simulacrum,FDN,Foundations,729,foil,rare,1,101044,b89aae48-a783-468d-aa14-552307ec2021,0.79,false,false,near_mint,es,USD,2026-09-02T23:05:57.257Z
carpeta naranja,binder,Solemn Simulacrum,SOC,Secrets of Strixhaven Commander,355,normal,rare,1,111880,29fae212-b757-4e5f-ad9b-06cd09782f9f,0.59,false,false,near_mint,es,USD,2026-09-02T23:05:57.258Z
carpeta naranja,binder,Thrumming Hivepool,EOE,Edge of Eternities,247,normal,rare,1,107079,85caf659-7b43-462e-a342-34703d46eb57,1.49,false,false,near_mint,es,USD,2026-09-02T23:05:57.259Z
carpeta naranja,binder,"Luxior, Giada's Gift",SNC,Streets of New Capenna,240,normal,mythic,1,67624,1833662b-ccf3-4c16-9767-666d6407aa65,5.99,false,false,near_mint,es,USD,2026-09-02T23:05:57.260Z
carpeta naranja,binder,Strixhaven Skycoach,SOS,Secrets of Strixhaven,252,normal,uncommon,1,112469,87741fbb-b426-4f83-a358-587b0907f081,0.35,false,false,near_mint,es,USD,2026-09-02T23:05:57.261Z
carpeta naranja,binder,Merchant's Dockhand,AER,Aether Revolt,163,normal,rare,1,6251,955b4bc9-1ded-4f23-b415-ab968c681eb7,0.49,false,false,near_mint,es,USD,2026-09-02T23:05:57.262Z
carpeta naranja,binder,Meteor Sword,TLA,Avatar: The Last Airbender,258,normal,uncommon,1,109712,68b1c746-a4b8-4a45-9f0e-3962f0ae40e3,0.35,false,false,near_mint,es,USD,2026-09-02T23:05:57.263Z
carpeta naranja,binder,Stitcher's Graft,INR,Innistrad Remastered,271,normal,rare,1,102709,a5dad4be-599b-4c4d-a957-3fe6b52b4141,0.49,false,false,near_mint,es,USD,2026-09-02T23:05:57.264Z
carpeta naranja,binder,Changeling Wayfinder,ECL,Lorwyn Eclipsed,1,normal,common,1,110764,6c6061aa-a4da-4115-85b6-d0aa22f2386c,0.35,false,false,near_mint,es,USD,2026-09-02T23:05:57.265Z
carpeta naranja,binder,Planetarium of Wan Shi Tong,TLA,Avatar: The Last Airbender,259,normal,mythic,1,109377,0ebaf0bf-7aa2-469d-bdbb-0fbf6741eede,7.99,false,false,near_mint,es,USD,2026-09-02T23:05:57.266Z
carpeta naranja,binder,"Iron Lad, Diverging Destiny",MSH,Marvel Super Heroes,59,normal,uncommon,1,113407,355e7197-2f20-43b6-9305-73c4e1fd4a3c,0.35,false,false,near_mint,es,USD,2026-09-02T23:05:57.267Z
carpeta naranja,binder,"Loki, God of Mischief",MSH,Marvel Super Heroes,65,normal,rare,1,113147,236c437f-ee9d-4145-a4db-b665908089cf,2.49,false,false,near_mint,es,USD,2026-09-02T23:05:57.268Z
carpeta naranja,binder,Aetheric Amplifier,DRC,Aetherdrift Commander,18,normal,rare,1,102947,21c33a91-b02c-43ec-a385-aa0349928f9c,1.49,false,false,near_mint,es,USD,2026-09-02T23:05:57.269Z
carpeta naranja,binder,Dragoon's Lance,FIN,Final Fantasy,17,normal,uncommon,1,105671,96630531-8eb7-4e3e-8d63-60c562a5571b,0.35,false,false,near_mint,es,USD,2026-09-02T23:05:57.270Z
carpeta naranja,binder,Lion Heart,FIN,Final Fantasy,261,normal,uncommon,1,106420,04d327a3-1699-4556-b681-a957671ad142,0.35,false,false,near_mint,es,USD,2026-09-02T23:05:57.271Z
carpeta naranja,binder,Storm Cauldron,6ED,Classic Sixth Edition,314,normal,rare,1,35064,ab556986-a6f4-4445-b004-64b4bc189e55,2.49,false,false,near_mint,es,USD,2026-09-02T23:05:57.272Z
carpeta naranja,binder,Bloodforged Battle-Axe,2X2,Double Masters 2022,392,normal,rare,1,70605,f66202ab-cd10-4116-8e22-05b45a45fa85,7.49,false,false,near_mint,es,USD,2026-09-02T23:05:57.273Z
carpeta naranja,binder,Hedgewitch's Mask,MID,Innistrad: Midnight Hunt,23,normal,common,1,63354,97321072-1f7f-413b-9246-e6b3ec7a8c30,0.35,false,false,near_mint,es,USD,2026-09-02T23:05:57.274Z
carpeta naranja,binder,Magitek Scythe,FIN,Final Fantasy,562,normal,rare,1,106027,8b691d42-3498-4d47-9a46-f7c376df8886,0.49,false,false,near_mint,es,USD,2026-09-02T23:05:57.275Z
carpeta naranja,binder,Giant's Amulet,KHM,Kaldheim,59,normal,uncommon,1,57035,ab8b1ec2-9303-4722-8644-b3bc1a5c387f,0.35,false,false,near_mint,es,USD,2026-09-02T23:05:57.276Z
carpeta naranja,binder,Poet's Quill,STX,Strixhaven: School of Mages,82,normal,rare,1,58360,e7006f43-0b10-4693-b06f-e7cf86ab4129,0.49,false,false,near_mint,es,USD,2026-09-02T23:05:57.277Z
carpeta naranja,binder,Web-Shooters,SPM,Marvel's Spider-Man,22,normal,uncommon,1,108556,a0ca1108-6d99-4dc2-96ab-7728d65b0c06,0.35,false,false,near_mint,es,USD,2026-09-02T23:05:57.278Z
carpeta naranja,binder,Swashbuckler's Whip,LCI,The Lost Caverns of Ixalan,263,normal,uncommon,1,88349,24a85c52-e5b5-4d65-931c-eacc0cf0fb31,0.35,false,false,near_mint,es,USD,2026-09-02T23:05:57.279Z
carpeta naranja,binder,Cliffhaven Kitesail,ZNR,Zendikar Rising,243,normal,common,1,54809,eebf8f67-49d0-42de-a5cc-ad13d19d2c55,0.49,false,false,near_mint,es,USD,2026-09-02T23:05:57.280Z
carpeta naranja,binder,Eater of Virtue,NEO,Kamigawa: Neon Dynasty,245,normal,rare,1,66864,34d92077-d7b2-4996-848f-fd4917e2fb42,0.49,false,false,near_mint,es,USD,2026-09-02T23:05:57.281Z
carpeta naranja,binder,Mask of Memory,ONC,Phyrexia: All Will Be One Commander,136,normal,uncommon,1,78841,c6c4dffd-0ae9-493d-afa4-d1eb8bdba582,0.79,false,false,near_mint,es,USD,2026-09-02T23:05:57.283Z
carpeta naranja,binder,Sword of the Meek,2XM,Double Masters,299,normal,rare,1,51901,5a0c2773-3205-4ac4-b31c-c54fb06fdd7c,0.99,false,false,near_mint,es,USD,2026-09-02T23:05:57.285Z
carpeta naranja,binder,Team Pennant,STX,Strixhaven: School of Mages,260,normal,uncommon,1,58296,be294c4e-712b-459c-a36c-e26ed5c27edb,0.35,false,false,near_mint,es,USD,2026-09-02T23:05:57.286Z
carpeta naranja,binder,Cranial Plating,2XM,Double Masters,245,normal,uncommon,1,52053,e1375f17-bc25-4a65-98b7-4785bbdbe974,0.99,false,false,near_mint,es,USD,2026-09-02T23:05:57.287Z
carpeta naranja,binder,"Ugin, the Ineffable",M3C,Modern Horizons 3 Commander,160,normal,rare,1,95074,fba9e014-8abe-4662-8a47-998b5eaa7a6b,1.99,false,false,near_mint,es,USD,2026-09-02T23:05:57.289Z
carpeta naranja,binder,"Ironheart, Clever Champion",MSH,Marvel Super Heroes,60,normal,rare,1,113631,395e477a-861f-4661-b329-6c1ad5343ed5,0.49,false,false,near_mint,es,USD,2026-09-02T23:05:57.290Z
carpeta naranja,binder,Etherium Sculptor,EOC,Edge of Eternities Commander,72,normal,common,1,107315,b0556f20-1ea8-4ab5-9a09-dec9959f017b,1.79,false,false,near_mint,es,USD,2026-09-02T23:05:57.292Z
carpeta naranja,binder,Cloud Key,EOC,Edge of Eternities Commander,54,normal,rare,1,107319,b851ab76-e40e-4232-b120-0bc1905ef0b4,3.49,false,false,near_mint,es,USD,2026-09-02T23:05:57.293Z
carpeta naranja,binder,Torrential Gearhulk,CMM,Commander Masters,128,normal,rare,1,84626,92872fea-2fb4-4154-815e-cad9d966e60f,0.69,false,false,near_mint,es,USD,2026-09-02T23:05:57.294Z
carpeta naranja,binder,Heart of Ramos,MMQ,Mercadian Masques,296,normal,rare,1,34114,a0046226-7563-4345-aa4b-a2c732c2780a,4.49,false,false,near_mint,es,USD,2026-09-02T23:05:57.295Z
carpeta naranja,binder,Sculpting Steel,MOC,March of the Machine Commander,374,normal,rare,1,81969,d1958f01-77e9-4976-b7f8-f9b62aa78edc,4.99,false,false,near_mint,es,USD,2026-09-02T23:05:57.296Z
carpeta naranja,binder,Ornithopter,DMR,Dominaria Remastered,233,normal,common,1,77845,305078a5-ac18-4721-bba2-3434eba5b1cf,0.59,false,false,near_mint,es,USD,2026-09-02T23:05:57.297Z
carpeta naranja,binder,Memnite,SOM,Scars of Mirrodin,174,normal,uncommon,1,20858,469cc4e0-49c0-4009-97ea-28e44addec69,2.29,false,false,near_mint,es,USD,2026-09-02T23:05:57.298Z
carpeta naranja,binder,Everflowing Chalice,EOC,Edge of Eternities Commander,137,normal,uncommon,1,107346,e4ed0052-d6dd-4f69-8313-10863baefac9,0.79,false,false,near_mint,es,USD,2026-09-02T23:05:57.299Z
carpeta naranja,binder,One with the Machine,DRC,Aetherdrift Commander,80,normal,rare,1,103351,f114e0fe-1879-42de-83cb-104ace913ffb,0.49,false,false,near_mint,es,USD,2026-09-02T23:05:57.300Z
carpeta naranja,binder,PuPu UFO,FIN,Final Fantasy,266,normal,uncommon,1,106353,989b52f7-d8a5-4488-9a5d-f14a1d48686d,0.79,false,false,near_mint,es,USD,2026-09-02T23:05:57.301Z
carpeta naranja,binder,Chaos Warp,2X2,Double Masters 2022,359,normal,rare,1,70385,94ba4278-c63e-49b4-bf60-16dfe5c70a0b,7.49,false,false,near_mint,es,USD,2026-09-02T23:05:57.302Z
carpeta naranja,binder,Interdimensional Web Watch,SPM,Marvel's Spider-Man,165,normal,rare,1,108546,87a8e112-e72f-413f-88a3-e7ce72c2ec53,0.49,false,false,near_mint,es,USD,2026-09-02T23:05:57.303Z
carpeta naranja,binder,Weapons Manufacturing,EOE,Edge of Eternities,168,normal,rare,1,107111,a058f1a6-318c-4bba-981e-ace079ada806,2.99,false,false,near_mint,es,USD,2026-09-02T23:05:57.304Z
carpeta naranja,binder,Loyal Inventor,ACR,Assassin's Creed,21,normal,uncommon,1,95476,be1e598a-840c-4166-88a6-92a8b9958536,0.49,false,false,near_mint,es,USD,2026-09-02T23:05:57.305Z
carpeta naranja,binder,Sol Ring,TMC,Teenage Mutant Ninja Turtles Eternal,59,normal,uncommon,1,111185,14dbce79-1fcc-4cc9-bf38-7729e44a411e,2.99,false,false,near_mint,es,USD,2026-09-02T23:05:57.306Z
carpeta naranja,binder,Cogwork Assembler,2XM,Double Masters,242,normal,uncommon,1,52201,e4bfde3f-f7d3-4902-b3cd-23f3fa53eff4,0.35,false,false,near_mint,es,USD,2026-09-02T23:05:57.307Z
carpeta naranja,binder,Meteor Golem,FDN,Foundations,256,normal,uncommon,1,101167,d291ea1e-36bc-46b3-b3ae-084fa0ba69eb,0.35,false,false,near_mint,es,USD,2026-09-02T23:05:57.308Z
carpeta naranja,binder,Hot Dog Cart,SPM,Marvel's Spider-Man,164,normal,common,1,108534,6ee3b883-e9f5-426f-a2ea-96fe9ff3aba9,0.35,false,false,near_mint,es,USD,2026-09-02T23:05:57.309Z
carpeta naranja,binder,Maskwood Nexus,DRC,Aetherdrift Commander,132,normal,rare,1,103265,c6f2c543-9b01-4760-966a-f0609c24f53e,2.49,false,false,near_mint,es,USD,2026-09-02T23:05:57.310Z
carpeta naranja,binder,Gathering Stone,ECL,Lorwyn Eclipsed,257,normal,uncommon,1,110547,81dfbfe1-143a-4637-b683-a34cfc51993d,1.79,false,false,near_mint,es,USD,2026-09-02T23:05:57.311Z
carpeta naranja,binder,Magitek Armor,FIN,Final Fantasy,24,normal,uncommon,1,106432,59c4a1a2-623c-43b2-8005-ecb5c6436c10,0.35,false,false,near_mint,es,USD,2026-09-02T23:05:57.312Z
carpeta naranja,binder,Nesting Bot,DFT,Aetherdrift,22,normal,uncommon,1,103118,7829c0ae-f72f-4195-ad43-775d7218565c,0.35,false,false,near_mint,es,USD,2026-09-02T23:05:57.313Z
carpeta naranja,binder,Pentad Prism,EOC,Edge of Eternities Commander,56,normal,uncommon,1,107345,e4beb84e-9eb9-48a2-932a-91fbbf218b5b,0.35,false,false,near_mint,es,USD,2026-09-02T23:05:57.314Z
carpeta naranja,binder,Darksteel Myr,SOM,Scars of Mirrodin,151,normal,uncommon,1,20881,0f5712cf-c6a9-4a2e-90db-8ca17c621724,0.79,false,false,near_mint,es,USD,2026-09-02T23:05:57.315Z
carpeta naranja,binder,Leaden Myr,HOP,Planechase,116,normal,common,1,22918,ec221d0f-1a3a-47ab-9bd2-5dc240a29154,1.99,false,false,near_mint,es,USD,2026-09-02T23:05:57.316Z
carpeta naranja,binder,Helm of Awakening,DMR,Dominaria Remastered,224,normal,rare,1,78173,e9e4ff9c-6244-43e1-b569-32a270c4e014,2.49,false,false,near_mint,es,USD,2026-09-02T23:05:57.317Z
carpeta naranja,binder,Armillary Sphere,CMR,Commander Legends,298,normal,common,1,55833,af3ae93e-6094-483d-b2c0-ae117ad01293,0.35,false,false,near_mint,es,USD,2026-09-02T23:05:57.318Z
carpeta naranja,binder,Prophetic Prism,DMC,Dominaria United Commander,189,normal,common,1,71652,a0dcb495-9562-4961-b095-8b844dfdb601,0.35,false,false,near_mint,es,USD,2026-09-02T23:05:57.319Z
carpeta naranja,binder,Millstone,M19,Core Set 2019,242,normal,uncommon,1,1070,c2051fd0-99cf-4e11-a625-8294e6767e5b,0.35,false,false,near_mint,es,USD,2026-09-02T23:05:57.321Z
carpeta naranja,binder,Digsite Conservator,LCI,The Lost Caverns of Ixalan,252,normal,uncommon,1,88961,dfa3cd5e-b727-479d-9a77-9f320b92f3f2,0.35,false,false,near_mint,es,USD,2026-09-02T23:05:57.322Z
carpeta naranja,binder,Spider-Bot,SPM,Marvel's Spider-Man,173,normal,common,1,107619,24df824a-c1d6-4f09-b866-313b31fec5fb,0.35,false,false,near_mint,es,USD,2026-09-02T23:05:57.325Z
carpeta naranja,binder,Charcoal Diamond,7ED,Seventh Edition,289,normal,uncommon,1,32517,705c1d1d-e6e0-47fe-b642-b1ff0201bbf9,0.99,false,false,near_mint,es,USD,2026-09-02T23:05:57.326Z
carpeta naranja,binder,Forensic Gadgeteer,MKM,Murders at Karlov Manor,57,normal,rare,1,91064,97d08a15-e61c-4421-a541-c68a4f87cb74,4.49,false,false,near_mint,es,USD,2026-09-02T23:05:57.327Z
carpeta naranja,binder,"Kirol, Attentive First-Year",ECL,Lorwyn Eclipsed,231,normal,rare,1,110079,c11cb0eb-819e-4905-ad95-e43618d3c81e,0.49,false,false,near_mint,es,USD,2026-09-02T23:05:57.328Z
carpeta naranja,binder,Pyramid of the Pantheon,AKH,Amonkhet,235,normal,rare,1,5450,cef335b2-8086-4b29-b8e3-47de6faa1334,0.49,false,false,near_mint,es,USD,2026-09-02T23:05:57.329Z
carpeta naranja,binder,Fire Navy Trebuchet,TLA,Avatar: The Last Airbender,100,normal,uncommon,1,109820,e58372cc-9a89-47a4-a0db-df5435e26cd3,0.35,false,false,near_mint,es,USD,2026-09-02T23:05:57.330Z
carpeta naranja,binder,Transmutation Font,PW24,Wizards Play Network 2024,11,foil,mythic,1,93017,9e0834f7-e7fc-4f47-9d45-d555b50990a0,1.99,false,false,near_mint,es,USD,2026-09-02T23:05:57.331Z
carpeta naranja,binder,Big Mother Mouser,TMC,Teenage Mutant Ninja Turtles Eternal,37,normal,rare,1,111360,c9ae6898-6b5a-43bd-8c84-4d8add285f7d,2.29,false,false,near_mint,es,USD,2026-09-02T23:05:57.332Z
carpeta naranja,binder,Glass-Cast Heart,LCC,The Lost Caverns of Ixalan Commander,199,normal,rare,1,89029,f36a4054-903c-468a-877b-0ba43a403cc1,0.59,false,false,near_mint,es,USD,2026-09-02T23:05:57.333Z
carpeta naranja,binder,Hangarback Walker,SOC,Secrets of Strixhaven Commander,348,normal,rare,1,112126,cc387ccf-f746-4855-81e5-64f5a5e0fdda,0.49,false,false,near_mint,es,USD,2026-09-02T23:05:57.335Z
carpeta naranja,binder,Divergent Equation,SOS,Secrets of Strixhaven,43,normal,uncommon,1,112327,26295e25-f1bf-4665-ba00-dad35c49bbc2,0.35,false,false,near_mint,es,USD,2026-09-02T23:05:57.336Z
carpeta naranja,binder,Coin of Mastery,TMC,Teenage Mutant Ninja Turtles Eternal,38,normal,rare,1,111361,ca053574-2ac9-4814-955d-87a97e0aca7e,2.79,false,false,near_mint,es,USD,2026-09-02T23:05:57.337Z
carpeta naranja,binder,Kid Loki,MSH,Marvel Super Heroes,63,normal,uncommon,1,113727,5c9ff69e-6489-49f3-b401-64856f0b7c11,0.35,false,false,near_mint,es,USD,2026-09-02T23:05:57.338Z
carpeta naranja,binder,"Michelangelo, the Heart",TMC,Teenage Mutant Ninja Turtles Eternal,5,normal,mythic,1,109298,bac2d744-db65-4b56-8634-c87fd00c090e,8.99,false,false,near_mint,es,USD,2026-09-02T23:05:57.340Z
carpeta naranja,binder,Sinister Monolith,BLB,Bloomburrow,113,normal,uncommon,1,96012,2a15e06c-2608-4e7a-a16c-d35417669d86,0.35,false,false,near_mint,es,USD,2026-09-02T23:05:57.342Z
carpeta naranja,binder,Ioreth of the Healing House,LTR,The Lord of the Rings: Tales of Middle-earth,56,normal,uncommon,1,82827,03ab74cd-978a-49eb-9d38-bc8b472b3cef,0.69,false,false,near_mint,es,USD,2026-09-02T23:05:57.343Z
carpeta naranja,binder,Rescue Skiff,EOE,Edge of Eternities,32,normal,uncommon,1,107459,6fe86bfb-c67d-4df9-88c9-f083091f4cda,0.35,false,false,near_mint,es,USD,2026-09-02T23:05:57.344Z
carpeta naranja,binder,Soul-Guide Lantern,EOC,Edge of Eternities Commander,143,normal,uncommon,1,107353,f4907e7b-d6d5-4e9b-968f-bce34ae4a577,0.39,false,false,near_mint,es,USD,2026-09-02T23:05:57.345Z
carpeta naranja,binder,Phoenix Down,FIN,Final Fantasy,29,normal,uncommon,1,105961,62e299b0-9ef6-49d3-aa79-384325fed89e,0.35,false,false,near_mint,es,USD,2026-09-02T23:05:57.346Z
carpeta naranja,binder,Dawn-Blessed Pennant,ECL,Lorwyn Eclipsed,254,normal,uncommon,1,110312,294266b6-0343-4fa5-90b8-0adf7df490e4,0.59,false,false,near_mint,es,USD,2026-09-02T23:05:57.347Z
carpeta naranja,binder,Rook Turret,FIN,Final Fantasy,69,normal,common,1,106541,4572884d-0c0e-41e7-b219-f76b95fdbd01,0.35,false,false,near_mint,es,USD,2026-09-02T23:05:57.348Z
carpeta naranja,binder,Larval Scoutlander,EOE,Edge of Eternities,194,normal,uncommon,1,107555,d6083f43-58dc-46fc-aeff-347b1080417b,0.35,false,false,near_mint,es,USD,2026-09-02T23:05:57.350Z
carpeta naranja,binder,Boros Locket,C21,Commander 2021,236,normal,common,1,58687,c61204b7-02c2-41be-8841-0b261798de7a,0.35,false,false,near_mint,es,USD,2026-09-02T23:05:57.351Z
carpeta naranja,binder,Pilgrim's Eye,CMM,Commander Masters,402,normal,common,1,84319,48bfc25b-f73c-431c-b173-adcd65c5d491,0.35,false,false,near_mint,es,USD,2026-09-02T23:05:57.352Z
carpeta naranja,binder,Cryptex,MKM,Murders at Karlov Manor,251,normal,rare,1,91323,f92a2563-6cfb-4d12-9513-b44d1a7a20ab,0.49,false,false,near_mint,es,USD,2026-09-02T23:05:57.353Z
carpeta naranja,binder,Tundra Wall,TLE,Avatar: The Last Airbender Eternal,275,normal,common,1,108216,5ce9ea15-6ec0-4044-a130-8e75f4d32ebb,,false,false,near_mint,es,USD,2026-09-02T23:05:57.354Z
carpeta naranja,binder,God-Pharaoh's Gift,DRC,Aetherdrift Commander,131,normal,rare,1,103229,b34cdeff-f749-4609-93c8-21608106d099,0.49,false,false,near_mint,es,USD,2026-09-02T23:05:57.356Z
carpeta naranja,binder,Magitek Infantry,FIN,Final Fantasy,25,normal,common,1,106635,b64dc6d7-dd01-4e66-9099-4c90865448df,0.35,false,false,near_mint,es,USD,2026-09-02T23:05:57.357Z
carpeta naranja,binder,Gravestone Strider,MKM,Murders at Karlov Manor,252,normal,common,1,90704,1f952d8d-c089-432c-822a-8ef1e605ae38,0.35,false,false,near_mint,es,USD,2026-09-02T23:05:57.358Z
carpeta naranja,binder,Costume Closet,SPM,Marvel's Spider-Man,5,normal,uncommon,1,108466,cc641f4a-ddbe-4f7d-bb55-eabf11f8b7fb,0.35,false,false,near_mint,es,USD,2026-09-02T23:05:57.359Z
carpeta naranja,binder,Stolen Stark Tech,MSH,Marvel Super Heroes,114,normal,common,1,114027,db4557ad-4141-4dae-870e-a587506f4914,0.35,false,false,near_mint,es,USD,2026-09-02T23:05:57.360Z
carpeta naranja,binder,Darksteel Juggernaut,C18,Commander 2018,202,normal,rare,1,641,22c4148a-477d-419e-8d6b-5d558048e0db,2.29,false,false,near_mint,es,USD,2026-09-02T23:05:57.361Z
carpeta naranja,binder,World Map,FIN,Final Fantasy,270,normal,common,1,106572,70d9ab99-ec8a-402e-ba1d-ffa6c4c84a3f,0.35,false,false,near_mint,es,USD,2026-09-02T23:05:57.362Z
carpeta naranja,binder,Lodestone Golem,MM2,Modern Masters 2015,219,normal,rare,1,10998,683a5707-cddb-494d-9b41-51b4584ded69,0.59,false,false,near_mint,es,USD,2026-09-02T23:05:57.363Z
carpeta naranja,binder,Evershrike's Gift,ECL,Lorwyn Eclipsed,15,normal,uncommon,1,110702,231e46b6-b91a-4582-8894-e7de1c50213f,0.35,false,false,near_mint,es,USD,2026-09-02T23:05:57.364Z
carpeta naranja,binder,Bishop of Wings,M20,Core Set 2020,8,normal,rare,1,45453,ca42da05-330d-4050-a580-dc00f6faff24,4.99,false,false,near_mint,es,USD,2026-09-02T23:05:57.365Z
carpeta naranja,binder,Take Up the Shield,MSH,Marvel Super Heroes,348,normal,common,1,114016,d7ebfe43-1772-4557-bad5-e170e8270d21,0.35,false,false,near_mint,es,USD,2026-09-02T23:05:57.366Z
carpeta naranja,binder,Sphinx's Decree,RIX,Rivals of Ixalan,24,normal,rare,1,2994,5058a729-9739-4548-b420-deebbc0950b7,0.49,false,false,near_mint,es,USD,2026-09-02T23:05:57.367Z
carpeta naranja,binder,Valiant Knight,MOC,March of the Machine Commander,214,normal,rare,1,81694,5a85b8d6-36f7-4bde-a5f5-12509adac68f,0.49,false,false,near_mint,es,USD,2026-09-02T23:05:57.368Z
carpeta naranja,binder,Honored Knight-Captain,EOE,Edge of Eternities,22,normal,uncommon,1,107362,05a6ab03-f0b9-4738-a5f9-5d95bb22de75,0.35,false,false,near_mint,es,USD,2026-09-02T23:05:57.369Z
carpeta naranja,binder,"Agent Bishop, Man in Black",TMT,Teenage Mutant Ninja Turtles,2,normal,rare,1,110938,9c769202-178c-442a-a9e2-aa08b5ae5c9a,0.49,false,false,near_mint,es,USD,2026-09-02T23:05:57.370Z
carpeta naranja,binder,Regal Caracal,FDN,Foundations,579,normal,rare,1,101032,b6310a82-73db-40cb-ae64-6f07f869024c,0.49,false,false,near_mint,es,USD,2026-09-02T23:05:57.371Z
carpeta naranja,binder,Group Project,SOS,Secrets of Strixhaven,17,normal,uncommon,1,112305,e8abc1eb-6225-4b18-8502-b5324b818aed,0.35,false,false,near_mint,es,USD,2026-09-02T23:05:57.372Z
carpeta naranja,binder,Voyage Home,DFT,Aetherdrift,227,normal,uncommon,1,103495,4ba835da-0247-4716-9079-1b605297f6d5,0.99,false,false,near_mint,es,USD,2026-09-02T23:05:57.373Z
carpeta naranja,binder,Restoration Seminar,SOS,Secrets of Strixhaven,30,normal,mythic,1,112297,9ebc4ecf-2fa2-4ab8-afde-3b91cf5eadb6,4.99,false,false,near_mint,es,USD,2026-09-02T23:05:57.374Z
carpeta naranja,binder,Call the Cavalry,DOM,Dominaria,9,normal,common,1,2267,7978a719-b159-4155-88d9-9c0b15183037,0.35,false,false,near_mint,es,USD,2026-09-02T23:05:57.375Z
carpeta naranja,binder,Captain's Call,CMR,Commander Legends,15,normal,common,1,55827,ac907330-492d-4705-bb8a-1fdb080632e1,0.35,false,false,near_mint,es,USD,2026-09-02T23:05:57.377Z
carpeta naranja,binder,Starfield Shepherd,EOE,Edge of Eternities,37,normal,uncommon,1,106954,1226e575-aa78-4c68-be1d-6e5c2dc6315b,0.49,false,false,near_mint,es,USD,2026-09-02T23:05:57.380Z
carpeta naranja,binder,Eternal Dragon,AFC,Forgotten Realms Commander,66,normal,rare,1,60622,0f57fc0c-cab1-4eb0-a58a-0c7a762f1572,0.49,false,false,near_mint,es,USD,2026-09-02T23:05:57.382Z
carpeta naranja,binder,Scour for Scrap,EOE,Edge of Eternities,73,normal,uncommon,1,107719,517d1b00-7ec4-489a-ac52-657da24a6379,0.69,false,false,near_mint,es,USD,2026-09-02T23:05:57.383Z
carpeta naranja,binder,Stoneforge Mystic,2XM,Double Masters,31,normal,rare,1,51884,4d3473d0-b46f-41f5-ac1e-ba217f7747d4,39.99,false,false,near_mint,es,USD,2026-09-02T23:05:57.384Z
carpeta naranja,binder,Adelbert Steiner,FIN,Final Fantasy,3,normal,uncommon,1,106424,1a67a991-1e52-4676-a2e3-2bc7aa943ab3,0.35,false,false,near_mint,es,USD,2026-09-02T23:05:57.385Z
carpeta naranja,binder,"Rosa, Resolute White Mage",FIN,Final Fantasy,555,normal,rare,1,106153,c44e0ad6-9f44-4e4c-8c3b-3ee99409a740,4.99,false,false,near_mint,es,USD,2026-09-02T23:05:57.386Z
carpeta naranja,binder,Hidden Hideout,TMC,Teenage Mutant Ninja Turtles Eternal,43,normal,rare,1,111393,f356522c-018d-43c7-988a-9ef9829ae75c,4.49,false,false,near_mint,es,USD,2026-09-02T23:05:57.387Z
carpeta naranja,binder,Coeurl,FIN,Final Fantasy,12,normal,common,1,106284,7604b534-5480-42fa-bc36-bbae730f8582,0.35,false,false,near_mint,es,USD,2026-09-02T23:05:57.388Z
carpeta naranja,binder,Dwarven Castle Guard,FIN,Final Fantasy,18,normal,common,1,106454,e17c0d27-e88d-4ba9-acbb-3f916cee3d7e,0.35,false,false,near_mint,es,USD,2026-09-02T23:05:57.389Z
carpeta naranja,binder,Essence Scatter,SOS,Secrets of Strixhaven,47,normal,common,1,112586,32840097-0531-4c43-b6a8-e76c17420b04,0.35,false,false,near_mint,es,USD,2026-09-02T23:05:57.390Z
carpeta naranja,binder,Angel of Renewal,BFZ,Battle for Zendikar,18,normal,uncommon,1,10333,0f882ac2-3cbc-4548-8c83-d2a7443991df,0.35,false,false,near_mint,es,USD,2026-09-02T23:05:57.391Z
carpeta naranja,binder,Helping Hand,SOA,Secrets of Strixhaven Mystical Archive,5,normal,uncommon,1,112526,da5e29a8-a8fb-452b-9973-61ad613f9907,0.35,false,false,near_mint,es,USD,2026-09-02T23:05:57.392Z
carpeta naranja,binder,Subjugator Angel,INR,Innistrad Remastered,43,normal,uncommon,1,102753,bb89585f-0c68-42e6-8115-07d5752f6c1c,0.35,false,false,near_mint,es,USD,2026-09-02T23:05:57.393Z
carpeta naranja,binder,Turtle Blimp,TMT,Teenage Mutant Ninja Turtles,180,normal,uncommon,1,111581,6e118fc5-b0ae-4592-8292-d611856ae203,0.35,false,false,near_mint,es,USD,2026-09-02T23:05:57.394Z
carpeta naranja,binder,"Ragost, Deft Gastronaut",EOE,Edge of Eternities,300,normal,rare,1,107015,4a62293d-63a7-4038-b3e9-197bb2b9ec90,2.49,false,false,near_mint,es,USD,2026-09-02T23:05:57.395Z
carpeta naranja,binder,Suspend Aggression,SOS,Secrets of Strixhaven,236,normal,rare,1,112282,135c0696-d86d-4e48-988c-5c218de451fc,0.49,false,false,near_mint,es,USD,2026-09-02T23:05:57.396Z
carpeta naranja,binder,Quiet Purity,CHK,Champions of Kamigawa,39,normal,common,1,29187,ecd4d7cd-12a9-49f2-912d-2a6024112d13,0.35,false,false,near_mint,es,USD,2026-09-02T23:05:57.397Z
carpeta naranja,binder,The Last Ronin's Technique,TMT,Teenage Mutant Ninja Turtles,12,normal,uncommon,1,111374,dfb18239-d373-4795-8598-c82abae2cb62,0.35,false,false,near_mint,es,USD,2026-09-02T23:05:57.398Z
carpeta naranja,binder,The Crystal's Chosen,FIN,Final Fantasy,14,normal,uncommon,1,105725,d4df4373-0ee6-44e3-81c6-0881c070014c,0.35,false,false,near_mint,es,USD,2026-09-02T23:05:57.399Z
carpeta naranja,binder,G'raha Tia,FIN,Final Fantasy,21,normal,uncommon,1,106501,076a8eca-ed73-4ee9-aab4-d9d43d394ee6,0.35,false,false,near_mint,es,USD,2026-09-02T23:05:57.400Z
carpeta naranja,binder,Righteous Valkyrie,KHM,Kaldheim,24,normal,rare,1,56734,02fb5f9f-8750-4eb5-a03a-6dacc60e0b90,8.99,false,false,near_mint,es,USD,2026-09-02T23:05:57.401Z
carpeta naranja,binder,Gideon Blackblade,RVR,Ravnica Remastered,20,normal,mythic,1,89648,41326ca6-f815-4af7-b022-67db127bc125,1.49,false,false,near_mint,es,USD,2026-09-02T23:05:57.402Z
carpeta naranja,binder,Sheltering Light,XLN,Ixalan,35,normal,uncommon,1,3977,b0c945c7-6c31-4c4f-9203-3dc2aef50820,0.39,false,false,near_mint,es,USD,2026-09-02T23:05:57.403Z
carpeta naranja,binder,Slash of Light,FIN,Final Fantasy,32,normal,common,1,106662,da6d9529-3cb0-4adc-8209-b9b02db3bf54,0.35,false,false,near_mint,es,USD,2026-09-02T23:05:57.404Z
carpeta naranja,binder,Stoneskin,CLB,Commander Legends: Battle for Baldur's Gate,45,normal,uncommon,1,68873,16b9fdaa-9da9-48ff-b271-e6a41aabf073,3.49,false,false,near_mint,es,USD,2026-09-02T23:05:57.405Z
carpeta naranja,binder,Kinscaer Sentry,ECL,Lorwyn Eclipsed,22,normal,rare,1,110715,333bf101-14e8-4753-99bc-9174f42c4122,0.49,false,false,near_mint,es,USD,2026-09-02T23:05:57.406Z
carpeta naranja,binder,Airbender's Reversal,TLA,Avatar: The Last Airbender,7,normal,uncommon,1,109715,6b7078e4-2892-4b5f-83ab-90369e0d6dba,0.39,false,false,near_mint,es,USD,2026-09-02T23:05:57.407Z
carpeta naranja,binder,Southern Air Temple,TLA,Avatar: The Last Airbender,36,normal,uncommon,1,108118,5c172f9b-2184-4736-9f90-74ce08596292,0.35,false,false,near_mint,es,USD,2026-09-02T23:05:57.408Z
carpeta naranja,binder,Prava of the Steel Legion,ONC,Phyrexia: All Will Be One Commander,87,normal,uncommon,1,78471,2d27adb4-939d-46ba-b1e8-00282694c362,0.99,false,false,near_mint,es,USD,2026-09-02T23:05:57.409Z
carpeta naranja,binder,Shardmage's Rescue,DSK,Duskmourn: House of Horror,29,normal,uncommon,1,98731,aed0cafa-d701-4e1f-9773-abcf817c244c,0.69,false,false,near_mint,es,USD,2026-09-02T23:05:57.410Z
carpeta naranja,binder,Spectacular Tactics,SPM,Marvel's Spider-Man,15,normal,common,1,107648,836b4246-f1f2-4495-8664-650dda70ed4f,0.35,false,false,near_mint,es,USD,2026-09-02T23:05:57.411Z
carpeta naranja,binder,Origin of the Avengers,MSH,Marvel Super Heroes,28,normal,rare,1,113380,9b0701e8-e365-425a-b897-92f4df9edcb8,0.49,false,false,near_mint,es,USD,2026-09-02T23:05:57.412Z
carpeta naranja,binder,Hardlight Containment,EOE,Edge of Eternities,20,normal,rare,1,107368,0b934241-4d6b-4b9c-99f1-c49cb387cf56,0.49,false,false,near_mint,es,USD,2026-09-02T23:05:57.413Z
carpeta naranja,binder,Thornwood Falls,TDM,Tarkir: Dragonstorm,269,normal,common,1,104376,ebb502c2-5fd0-46a9-b77d-010f4a942056,0.35,false,false,near_mint,es,USD,2026-09-02T23:05:57.414Z
carpeta naranja,binder,"Leonardo, Leader in Blue",TMT,Teenage Mutant Ninja Turtles,196,normal,uncommon,1,111508,b7f4581f-e0c1-4cc3-b94c-dd104606c4af,0.35,false,false,near_mint,es,USD,2026-09-02T23:05:57.415Z
carpeta naranja,binder,"Winter Soldier, Icy Assassin",MSH,Marvel Super Heroes,239,normal,rare,1,113390,ebf71ffc-6e3e-4ca0-a84a-3c1ebd2b64b1,0.49,false,false,near_mint,es,USD,2026-09-02T23:05:57.416Z
carpeta naranja,binder,Radiant Strike,EOE,Edge of Eternities,29,normal,common,1,107484,8c38e4cb-918b-4493-872b-66c90dcfd339,0.35,false,false,near_mint,es,USD,2026-09-02T23:05:57.417Z
carpeta naranja,binder,Solemnity,HOU,Hour of Devastation,22,normal,rare,1,4653,0a71fb62-acbd-49f5-842f-0fc9fa48afea,9.49,false,false,near_mint,es,USD,2026-09-02T23:05:57.418Z
carpeta naranja,binder,Nine Lives,M21,Core Set 2021,28,normal,rare,1,51050,e70b7a73-484e-48f1-944c-3d38866cdc20,1.29,false,false,near_mint,es,USD,2026-09-02T23:05:57.419Z
carpeta naranja,binder,Flight of Equenauts,MOC,March of the Machine Commander,186,normal,uncommon,1,81988,d8b8aaf0-909e-49b7-9360-a99b68a0f414,0.35,false,false,near_mint,es,USD,2026-09-02T23:05:57.420Z
carpeta naranja,binder,Hyena Umbra,2X2,Double Masters 2022,13,normal,common,1,70608,f6cc0f1f-191a-4141-965f-8d159bf54732,0.69,false,false,near_mint,es,USD,2026-09-02T23:05:57.421Z
carpeta naranja,binder,Triumph of Gerrard,DOM,Dominaria,38,normal,uncommon,1,2238,3416fae7-46a0-4048-b969-9cf95bac09db,0.35,false,false,near_mint,es,USD,2026-09-02T23:05:57.422Z
carpeta naranja,binder,Rinoa Heartilly,FIN,Final Fantasy,237,normal,uncommon,1,105701,ba79d293-bf42-48b6-a868-5249f4beeb76,0.35,false,false,near_mint,es,USD,2026-09-02T23:05:57.423Z
carpeta naranja,binder,Inspiring Overseer,FDN,Foundations,496,normal,common,1,101588,c3e9aa54-e5d5-4cbb-9d2a-263b9eba398f,0.59,false,false,near_mint,es,USD,2026-09-02T23:05:57.424Z
carpeta naranja,binder,Serra Angel,FDN,Foundations,147,normal,uncommon,1,100391,3cee9303-9d65-45a2-93d4-ef4aba59141b,0.35,false,false,near_mint,es,USD,2026-09-02T23:05:57.425Z
carpeta naranja,binder,"Giada, Font of Hope",FDN,Foundations,141,normal,rare,1,100804,8ae6fc26-cfad-4da8-98d9-49c27c24d293,0.99,false,false,near_mint,es,USD,2026-09-02T23:05:57.426Z
carpeta naranja,binder,Vizier of Remedies,AKH,Amonkhet,38,normal,uncommon,1,5647,36ab760e-93e0-4dbc-aaa1-02316f62ed3f,0.59,false,false,near_mint,es,USD,2026-09-02T23:05:57.427Z
carpeta naranja,binder,Sacred Mesa,TSB,Time Spiral Timeshifted,13,normal,special,1,27008,c76e4cc6-6e69-4787-9425-7a35e06c0b69,0.69,false,false,near_mint,es,USD,2026-09-02T23:05:57.428Z
carpeta naranja,binder,Karmic Guide,SOC,Secrets of Strixhaven Commander,151,normal,rare,1,112081,b26d50dd-54a1-43ce-9884-3999f698d97b,0.79,false,false,near_mint,es,USD,2026-09-02T23:05:57.429Z
carpeta naranja,binder,Selfless Savior,M21,Core Set 2021,36,normal,uncommon,1,50839,6911759c-7177-402c-a95a-f9f46efaf521,0.99,false,false,near_mint,es,USD,2026-09-02T23:05:57.430Z
carpeta naranja,binder,"Cloak and Dagger, Entwined",MSH,Marvel Super Heroes,211,normal,rare,1,114096,fa01d35f-1064-4a7c-9475-4504566df850,0.49,false,false,near_mint,es,USD,2026-09-02T23:05:57.431Z
carpeta naranja,binder,Shadow Summoning,LTR,The Lord of the Rings: Tales of Middle-earth,226,normal,uncommon,1,83619,ec0984b2-bed6-41b1-9087-2cfd16749037,0.35,false,false,near_mint,es,USD,2026-09-02T23:05:57.432Z
carpeta naranja,binder,Myriad Landscape,MOC,March of the Machine Commander,416,normal,uncommon,1,81907,b9242da7-aa73-4b02-aebb-910cadf94fbf,0.79,false,false,near_mint,es,USD,2026-09-02T23:05:57.433Z
carpeta naranja,binder,"Sami, Ship's Engineer",EOE,Edge of Eternities,225,normal,uncommon,1,106764,75c38cc9-07de-46d4-8195-f04b2b7e0fee,0.35,false,false,near_mint,es,USD,2026-09-02T23:05:57.434Z
carpeta naranja,binder,Flock Impostor,ECL,Lorwyn Eclipsed,16,normal,uncommon,1,110413,d32d0336-5140-41f9-bc67-f3d743b9231d,0.35,false,false,near_mint,es,USD,2026-09-02T23:05:57.435Z
carpeta naranja,binder,Youthful Valkyrie,FDN,Foundations,149,normal,uncommon,1,100894,9d795f79-c3a5-4ea1-a5cf-1ce73d6837b6,0.39,false,false,near_mint,es,USD,2026-09-02T23:05:57.436Z
carpeta naranja,binder,Indomitable Archangel,NEC,Neon Dynasty Commander,85,normal,mythic,1,66987,23f4b149-fad5-4ba2-a484-dd29d97d120d,0.99,false,false,near_mint,es,USD,2026-09-02T23:05:57.437Z
carpeta naranja,binder,"Sami, Wildcat Captain",EOE,Edge of Eternities,226,normal,mythic,1,107144,bed64207-9193-4770-8f8f-e3203289d5a6,1.29,false,false,near_mint,es,USD,2026-09-02T23:05:57.438Z
carpeta naranja,binder,Angelic Gift,AFC,Forgotten Realms Commander,64,normal,common,1,60723,5a2122c0-5fb4-4767-b969-c61bd959d604,0.35,false,false,near_mint,es,USD,2026-09-02T23:05:57.439Z
carpeta naranja,binder,"Ashe, Princess of Dalmasca",FIN,Final Fantasy,7,normal,uncommon,1,106699,ffe0596f-ef99-4862-9386-0fe455259995,0.35,false,false,near_mint,es,USD,2026-09-02T23:05:57.440Z
carpeta naranja,binder,On Serra's Wings,CMR,Commander Legends,380,normal,uncommon,1,56176,c0a57c65-5010-4472-b877-42daf2f15af2,0.39,false,false,near_mint,es,USD,2026-09-02T23:05:57.441Z
carpeta naranja,binder,Pyrrhic Strike,ECL,Lorwyn Eclipsed,30,normal,uncommon,1,110626,cce5b16d-07fb-4e64-8ec9-b8b29ba86cff,0.35,false,false,near_mint,es,USD,2026-09-02T23:05:57.442Z
carpeta naranja,binder,Rayblade Trooper,EOE,Edge of Eternities,30,normal,uncommon,1,107535,c08c7bf9-a2ed-45c6-8b48-15122d9d9e37,0.35,false,false,near_mint,es,USD,2026-09-02T23:05:57.443Z
carpeta naranja,binder,Hermetic Study,USG,Urza's Saga,78,normal,common,1,35890,8321888a-a450-4c15-9461-255cfaa05367,0.49,false,false,near_mint,es,USD,2026-09-02T23:05:57.444Z
carpeta naranja,binder,Psionic Gift,ODY,Odyssey,95,normal,common,1,32082,862fc18f-90d2-430d-aff2-47c1483dee9d,0.35,false,false,near_mint,es,USD,2026-09-02T23:05:57.445Z
carpeta naranja,binder,Sygg's Command,ECL,Lorwyn Eclipsed,244,normal,rare,1,110786,8bc13fc2-e254-4db5-ad4d-f92711a1a6ca,0.49,false,false,near_mint,es,USD,2026-09-02T23:05:57.446Z
carpeta naranja,binder,Experimental Augury,EOC,Edge of Eternities Commander,73,normal,common,1,107295,8b817b17-27cf-4f6b-baf2-4c4dbb3e71d1,0.79,false,false,near_mint,es,USD,2026-09-02T23:05:57.447Z
carpeta naranja,binder,Cataclysm,EXO,Exodus,3,normal,rare,1,36333,024ae668-a1ae-4020-89c8-acbd8bd0a691,13.99,false,false,near_mint,es,USD,2026-09-02T23:05:57.448Z
carpeta naranja,binder,The Reality Chip,NEO,Kamigawa: Neon Dynasty,74,normal,rare,1,66461,d859de3a-0be1-4e66-b438-1c3d4ee756cd,6.49,false,false,near_mint,es,USD,2026-09-02T23:05:57.449Z
carpeta naranja,binder,Unravel,EOE,Edge of Eternities,83,normal,uncommon,1,107193,e8978214-c853-453d-872d-af56bdaaa3d7,0.35,false,false,near_mint,es,USD,2026-09-02T23:05:57.450Z
carpeta naranja,binder,Wild Unraveling,ECL,Lorwyn Eclipsed,84,normal,common,1,110673,01522fec-9136-4fa6-91a3-370a8bb08b42,0.35,false,false,near_mint,es,USD,2026-09-02T23:05:57.451Z
carpeta naranja,binder,Charisma,MMQ,Mercadian Masques,66,normal,rare,1,34344,63565b03-28e9-4534-b085-d5803e2623bb,11.99,false,false,near_mint,es,USD,2026-09-02T23:05:57.452Z
carpeta naranja,binder,Laboratory Maniac,FCA,Final Fantasy: Through the Ages,30,normal,uncommon,1,106403,44ede007-b6db-4396-8b25-9e2621cfeec4,1.79,false,false,near_mint,es,USD,2026-09-02T23:05:57.453Z
carpeta naranja,binder,Vision of Love,MSH,Marvel Super Heroes,158,normal,common,1,113713,5604cee1-a2ea-48ed-88f4-6878bd053fc8,0.35,false,false,near_mint,es,USD,2026-09-02T23:05:57.454Z
carpeta naranja,binder,It'll Quench Ya!,TLA,Avatar: The Last Airbender,58,normal,common,1,108199,47c25e41-f43c-4447-81b5-b9631448bd29,0.35,false,false,near_mint,es,USD,2026-09-02T23:05:57.455Z
carpeta naranja,binder,Wildfire,9ED,Ninth Edition,228,normal,rare,1,28135,81db2609-b02f-4b46-8467-eac4c7022d5c,0.79,false,false,near_mint,es,USD,2026-09-02T23:05:57.456Z
carpeta naranja,binder,Planetary Annihilation,EOC,Edge of Eternities Commander,12,normal,rare,1,107083,8695796f-b6ed-46db-b1b8-07ed0cc5a5e5,0.49,false,false,near_mint,es,USD,2026-09-02T23:05:57.457Z
carpeta naranja,binder,Disciple of the Sun,MH2,Modern Horizons 2,11,normal,common,1,59743,ad9723a1-7c5f-49ea-a8c6-24ee572d839f,0.35,false,false,near_mint,es,USD,2026-09-02T23:05:57.458Z
carpeta naranja,binder,Vibranium Energy Daggers,MSH,Marvel Super Heroes,254,normal,common,1,113694,4fe5952d-f50f-443a-b960-657fc4bc1965,0.35,false,false,near_mint,es,USD,2026-09-02T23:05:57.459Z
carpeta naranja,binder,Il Mheg Pixie,FIN,Final Fantasy,57,normal,uncommon,1,106629,ae612312-3a8e-495f-8730-deaaf7505ca1,0.35,false,false,near_mint,es,USD,2026-09-02T23:05:57.460Z
carpeta naranja,binder,Flitterwing Nuisance,ECL,Lorwyn Eclipsed,304,normal,rare,1,110775,7ecc95a7-51c8-45a1-bebf-9dfa053f7403,0.79,false,false,near_mint,es,USD,2026-09-02T23:05:57.461Z
carpeta naranja,binder,Weftwalking,EOE,Edge of Eternities,86,normal,mythic,1,107406,39d48ddd-4529-4284-9da3-5272ad362b9b,0.99,false,false,near_mint,es,USD,2026-09-02T23:05:57.462Z
carpeta naranja,binder,"Ultimecia, Temporal Threat",FIN,Final Fantasy,556,normal,rare,1,106130,b64e4475-f1c6-4d85-b42f-6d84d06855bb,0.99,false,false,near_mint,es,USD,2026-09-02T23:05:57.463Z
carpeta naranja,binder,Judgment Bolt,FIN,Final Fantasy,559,normal,rare,1,105801,05b04b06-9271-4a28-a60e-287df0d1a4d1,0.49,false,false,near_mint,es,USD,2026-09-02T23:05:57.464Z
carpeta naranja,binder,Nameless Inversion,ECL,Lorwyn Eclipsed,113,normal,uncommon,1,110772,7a4944ac-839e-4aa1-8200-78cff36bb2ed,0.35,false,false,near_mint,es,USD,2026-09-02T23:05:57.465Z
carpeta naranja,binder,Herald of Secret Streams,LCC,The Lost Caverns of Ixalan Commander,158,normal,rare,1,88983,e6e1f2ab-e437-444e-9edb-73278d9c7616,9.99,false,false,near_mint,es,USD,2026-09-02T23:05:57.466Z
carpeta naranja,binder,Champions of the Shoal,ECL,Lorwyn Eclipsed,46,normal,rare,1,110853,e1acdd9c-4a6d-4373-950c-f5539b54679f,0.49,false,false,near_mint,es,USD,2026-09-02T23:05:57.467Z
carpeta naranja,binder,Slumbering Walker,ECL,Lorwyn Eclipsed,35,normal,rare,1,110777,81e82915-e734-4754-829f-f5da6a7c550d,0.49,false,false,near_mint,es,USD,2026-09-02T23:05:57.468Z
carpeta naranja,binder,"SP//dr, Piloted by Peni",SPM,Marvel's Spider-Man,199,normal,uncommon,1,108667,e8c1aace-e8fe-45ee-bc40-225409ff8657,0.35,false,false,near_mint,es,USD,2026-09-02T23:05:57.469Z
carpeta naranja,binder,"SP//dr, Piloted by Peni",SPM,Marvel's Spider-Man,147,normal,uncommon,1,107670,c47c1d83-e76d-4939-9ed6-05a9e709dea1,0.35,false,false,near_mint,es,USD,2026-09-02T23:05:57.470Z
carpeta naranja,binder,Surveillance Room,MSH,Marvel Super Heroes,274,normal,common,1,113861,8fb51fbb-ab7f-4484-a3c9-dc50cb6f2756,0.35,false,false,near_mint,es,USD,2026-09-02T23:05:57.471Z
carpeta naranja,binder,Kindred Boon,LCC,The Lost Caverns of Ixalan Commander,129,normal,rare,1,88789,a9d21710-3006-45a0-9af2-275159bb5315,0.79,false,false,near_mint,es,USD,2026-09-02T23:05:57.472Z
carpeta naranja,binder,Angelic Accord,IMA,Iconic Masters,7,normal,uncommon,1,3618,349e8190-15fd-44ed-a821-9a5f3615d2d9,2.49,false,false,near_mint,es,USD,2026-09-02T23:05:57.473Z
carpeta naranja,binder,Resplendent Angel,M19,Core Set 2019,34,normal,mythic,1,1278,586854d1-edfd-4c66-873d-df459324dbfd,9.49,false,false,near_mint,es,USD,2026-09-02T23:05:57.474Z
carpeta naranja,binder,The Book of Exalted Deeds,AFR,Adventures in the Forgotten Realms,4,normal,mythic,1,60359,a1899bb1-dd8e-4437-8ea3-4ad637eabf2b,10.99,false,false,near_mint,es,USD,2026-09-02T23:05:57.475Z
carpeta naranja,binder,"The Mechanist, Aerial Artisan",TLA,Avatar: The Last Airbender,64,normal,rare,1,109524,b910851e-9332-4c83-a790-d379667cabfc,0.49,false,false,near_mint,es,USD,2026-09-02T23:05:57.476Z
carpeta naranja,binder,Tinker,ULG,Urza's Legacy,45,normal,uncommon,1,35475,7da23b15-dfb8-4267-9b33-d7a4c035c434,4.99,false,false,near_mint,es,USD,2026-09-02T23:05:57.477Z
carpeta naranja,binder,Reverse Engineer,CMM,Commander Masters,116,normal,common,1,84013,07fff0a3-1315-42f7-9d36-4f5eaad0c62e,0.35,false,false,near_mint,es,USD,2026-09-02T23:05:57.478Z
carpeta naranja,binder,"Tidus, Blitzball Star",FIN,Final Fantasy,246,normal,uncommon,1,106447,aa851d68-a7a4-48c0-9cd7-d3d2e079f3a1,0.35,false,false,near_mint,es,USD,2026-09-02T23:05:57.479Z
carpeta naranja,binder,Universal Surveillance,EOC,Edge of Eternities Commander,81,normal,rare,1,107285,77e9ef36-bc1b-4919-9bb5-8fd6b2d431cc,0.49,false,false,near_mint,es,USD,2026-09-02T23:05:57.480Z
carpeta naranja,binder,Sun Titan,SOC,Secrets of Strixhaven Commander,178,normal,mythic,1,111904,3d6eacf2-f6c7-4ede-b5a5-7463602699ae,0.99,false,false,near_mint,es,USD,2026-09-02T23:05:57.481Z
carpeta naranja,binder,Lyra Dawnbringer,FDN,Foundations,707,normal,mythic,1,101009,b2abce4d-ef21-4028-8a86-b7d1387bc937,2.99,false,false,near_mint,es,USD,2026-09-02T23:05:57.482Z
carpeta naranja,binder,Glorious Enforcer,MH2,Modern Horizons 2,14,normal,uncommon,1,59836,de1365aa-e814-471b-8c9e-cf4c5011bcc3,0.35,false,false,near_mint,es,USD,2026-09-02T23:05:57.483Z
carpeta naranja,binder,Inevitable Defeat,TDM,Tarkir: Dragonstorm,194,normal,rare,1,103997,9d677980-b608-407e-9f17-790a81263f15,1.49,false,false,near_mint,es,USD,2026-09-02T23:05:57.484Z
carpeta naranja,binder,Aquitect's Defenses,ECL,Lorwyn Eclipsed,44,normal,common,2,110799,9af9a907-fd2e-4ae0-ac7b-529074b79a14,0.35,false,false,near_mint,es,USD,2026-09-02T23:05:57.196Z
carpeta naranja,binder,Lifecrafter's Bestiary,MKC,Murders at Karlov Manor Commander,231,normal,rare,2,90532,cfb90c0c-50e7-4602-a64b-eeba9ec32e17,1.29,false,false,near_mint,es,USD,2026-09-02T23:05:57.248Z
carpeta naranja,binder,Samurai's Katana,FIN,Final Fantasy,154,normal,uncommon,2,106267,11f1d378-c78c-402a-ac46-2d32598c23e7,0.35,false,false,near_mint,es,USD,2026-09-02T23:05:57.284Z
carpeta naranja,binder,HYDRA Assault Robot,MSH,Marvel Super Heroes,137,normal,common,2,114044,e3b23fff-7d3b-4341-b556-82136f8c113b,0.35,false,false,near_mint,es,USD,2026-09-02T23:05:57.288Z
carpeta naranja,binder,Ornithopter of Paradise,DRC,Aetherdrift Commander,133,normal,common,2,103019,47c976ee-7eb3-42bb-8bfb-5eda12417e97,1.29,false,false,near_mint,es,USD,2026-09-02T23:05:57.320Z
carpeta naranja,binder,Iron Giant,FIN,Final Fantasy,260,normal,common,2,106675,e48cf6d5-4d32-4b66-80be-3495ecd3e906,0.35,false,false,near_mint,es,USD,2026-09-02T23:05:57.324Z
carpeta naranja,binder,Firdoch Core,ECL,Lorwyn Eclipsed,255,normal,common,2,110788,8e45cd37-bf97-4742-978d-96f96ed653cd,0.69,false,false,near_mint,es,USD,2026-09-02T23:05:57.334Z
carpeta naranja,binder,Leonin Warleader,M19,Core Set 2019,23,normal,rare,2,1289,b31b2e5e-6572-462a-9fa0-1b2e660099e3,9.99,false,false,near_mint,es,USD,2026-09-02T23:05:57.376Z
carpeta naranja,binder,Jackdaw Savior,BLB,Bloomburrow,18,normal,rare,2,96000,121af600-6143-450a-9f87-12ce4833f1ec,0.69,false,false,near_mint,es,USD,2026-09-02T23:05:57.379Z
carpeta negra,binder,Diabolic Tutor,CMA,Commander Anthology,54,normal,uncommon,1,5232,d650dd8c-edd8-44e4-ae95-aaaf84557a72,2.49,false,false,near_mint,es,USD,2026-09-03T02:19:21.113Z
carpeta negra,binder,Reno and Rude,FIN,Final Fantasy,113,normal,uncommon,1,106358,b5eb0064-c7c4-4e3e-add2-b86269de3fb9,0.35,false,false,near_mint,es,USD,2026-09-03T02:19:21.114Z
carpeta negra,binder,Splinter's Technique,TMT,Teenage Mutant Ninja Turtles,233,normal,rare,1,111268,7111e3e9-7175-4231-976c-c73e7d4cb40d,2.99,false,false,near_mint,es,USD,2026-09-03T02:19:21.115Z
carpeta negra,binder,Run Away Together,ECL,Lorwyn Eclipsed,67,normal,common,1,110474,35c56aff-1f0f-464a-b705-d67803e3d060,0.35,false,false,near_mint,es,USD,2026-09-03T02:19:21.116Z
carpeta negra,binder,Lightning Strike,MSH,Marvel Super Heroes,142,normal,common,1,113842,88b13bc0-da54-4c3b-917c-7c8345a329f5,0.35,false,false,near_mint,es,USD,2026-09-03T02:19:21.117Z
carpeta negra,binder,Wildwood Scourge,FDN,Foundations,236,normal,uncommon,1,100359,36359fb6-fb8c-4382-8555-e348422f116c,0.35,false,false,near_mint,es,USD,2026-09-03T02:19:21.118Z
carpeta negra,binder,Shadow of the Grave,AKH,Amonkhet,107,normal,rare,1,5578,9b0205cb-c163-4332-9624-394e1024bf6a,1.29,false,false,near_mint,es,USD,2026-09-03T02:19:21.119Z
carpeta negra,binder,Chainer's Torment,DOM,Dominaria,82,normal,uncommon,1,2194,f42beafb-2fba-482c-a86a-7d668fa7cb4b,0.35,false,false,near_mint,es,USD,2026-09-03T02:19:21.120Z
carpeta negra,binder,"Hawkeye, Young Avenger",MSH,Marvel Super Heroes,131,normal,uncommon,1,113639,3cebccbb-dde2-41fe-bfdc-0a46ee185749,0.49,false,false,near_mint,es,USD,2026-09-03T02:19:21.121Z
carpeta negra,binder,Mornsong Aria,ECL,Lorwyn Eclipsed,111,normal,rare,1,110378,9985c554-8338-46b1-ac36-526d2eb61570,0.49,false,false,near_mint,es,USD,2026-09-03T02:19:21.122Z
carpeta negra,binder,Shrieking Affliction,RTR,Return to Ravnica,76,normal,uncommon,1,17346,dfd08894-2534-4114-9365-40809ba95eb2,0.69,false,false,near_mint,es,USD,2026-09-03T02:19:21.123Z
carpeta negra,binder,Rite of Belzenlok,DOM,Dominaria,102,normal,rare,1,2174,1ed7cca3-79be-44ca-bf10-2ae1c0835ed1,0.49,false,false,near_mint,es,USD,2026-09-03T02:19:21.124Z
carpeta negra,binder,Robotics Mastery,SPM,Marvel's Spider-Man,41,normal,uncommon,1,108578,d0e92939-6d86-44b4-8a43-1963e97a2bb3,0.35,false,false,near_mint,es,USD,2026-09-03T02:19:21.125Z
carpeta negra,binder,Corpses of the Lost,LCI,The Lost Caverns of Ixalan,98,normal,rare,1,88533,5f661095-3645-4e44-ac39-752e417c2174,0.79,false,false,near_mint,es,USD,2026-09-03T02:19:21.126Z
carpeta negra,binder,Rise of the Dark Realms,FDN,Foundations,183,normal,mythic,1,100778,8645bf0c-631f-4003-bd24-3e069ae23513,7.99,false,false,near_mint,es,USD,2026-09-03T02:19:21.127Z
carpeta negra,binder,"Untaidake, the Cloud Keeper",CHK,Champions of Kamigawa,285,normal,rare,1,28940,3c571f66-7a00-4cb0-9da9-8271083f49d3,4.99,false,false,near_mint,es,USD,2026-09-03T02:19:21.128Z
carpeta negra,binder,Sanctum Seeker,LCC,The Lost Caverns of Ixalan Commander,209,normal,rare,1,88666,893279fb-6f51-4d1e-b2fd-a0cdb603785f,0.79,false,false,near_mint,es,USD,2026-09-03T02:19:21.129Z
carpeta negra,binder,Fractal Anomaly,SOS,Secrets of Strixhaven,50,normal,uncommon,1,112303,e1975a61-aef0-49a6-a6d6-c3a37e2e2b22,0.35,false,false,near_mint,es,USD,2026-09-03T02:19:21.130Z
carpeta negra,binder,Depower,MSH,Marvel Super Heroes,50,normal,common,1,113626,36e9a6e9-1f9d-4860-97ee-f01e66f8eb4d,0.35,false,false,near_mint,es,USD,2026-09-03T02:19:21.131Z
carpeta negra,binder,Vision of Love,MSH,Marvel Super Heroes,158,normal,common,1,113713,5604cee1-a2ea-48ed-88f4-6878bd053fc8,0.35,false,false,near_mint,es,USD,2026-09-03T02:19:21.132Z
carpeta negra,binder,Oath of the Grey Host,LTR,The Lord of the Rings: Tales of Middle-earth,101,normal,uncommon,1,83165,6a780abd-f276-40d3-b2af-d2e47d858d3d,0.35,false,false,near_mint,es,USD,2026-09-03T02:19:21.133Z
carpeta negra,binder,"Ghost, Spectral Saboteur",MSH,Marvel Super Heroes,214,normal,uncommon,1,113967,c22bb4d5-6b6f-4c43-b005-48ae4042739d,0.35,false,false,near_mint,es,USD,2026-09-03T02:19:21.134Z
carpeta negra,binder,"Xande, Dark Mage",FIN,Final Fantasy,561,normal,rare,1,105846,1caed9a8-b73b-470e-b9d8-8c3b7cac3eee,0.49,false,false,near_mint,es,USD,2026-09-03T02:19:21.135Z
carpeta negra,binder,Baleful Strix,OTC,Outlaws of Thunder Junction Commander,215,normal,rare,1,93828,be8439e6-f779-49f0-806a-b04995697a6a,2.99,false,false,near_mint,es,USD,2026-09-03T02:19:21.136Z
carpeta negra,binder,Morbius the Living Vampire,SPM,Marvel's Spider-Man,137,normal,uncommon,1,108657,b978d0e2-f5a7-4ade-befc-11b406e84477,0.39,false,false,near_mint,es,USD,2026-09-03T02:19:21.137Z
carpeta negra,binder,Diregraf Captain,MIC,Midnight Hunt Commander,148,normal,uncommon,1,63562,158407ad-35a9-40e1-9762-1c0572b56ecb,0.69,false,false,near_mint,es,USD,2026-09-03T02:19:21.138Z
carpeta negra,binder,Gisa and Geralf,INR,Innistrad Remastered,237,normal,rare,1,102754,bce9bf8d-4d22-4967-bd9e-27fe444ef3f6,0.99,false,false,near_mint,es,USD,2026-09-03T02:19:21.139Z
carpeta negra,binder,Thought Vessel,PLG22,Love Your LGS 2022,2,foil,rare,1,76047,cdaa22df-e071-4b2a-aa42-0334ff7bd662,5.49,false,false,near_mint,es,USD,2026-09-03T02:19:21.140Z
carpeta negra,binder,"Zodiark, Umbral God",FIN,Final Fantasy,128,normal,rare,1,105676,9ba292d5-5139-42ea-950d-0a638445277f,0.79,false,false,near_mint,es,USD,2026-09-03T02:19:21.141Z
carpeta negra,binder,Commander's Sphere,ECC,Lorwyn Eclipsed Commander,139,normal,common,1,110579,a0d50603-e31f-4cd7-b4b6-49847d99eb2e,0.39,false,false,near_mint,es,USD,2026-09-03T02:19:21.142Z
carpeta negra,binder,"Aang, Swift Savior // Aang and La, Ocean's Fury",TLA,Avatar: The Last Airbender,347,normal,rare,1,109371,077a1ad2-6317-4271-b86c-cc999776251d,6.99,false,false,near_mint,es,USD,2026-09-03T02:19:21.143Z
carpeta negra,binder,Solemn Simulacrum,SOC,Secrets of Strixhaven Commander,355,normal,rare,1,111880,29fae212-b757-4e5f-ad9b-06cd09782f9f,0.59,false,false,near_mint,es,USD,2026-09-03T02:19:21.144Z
carpeta negra,binder,Silverquill Charm,SOS,Secrets of Strixhaven,225,normal,uncommon,1,111655,3eb73579-f1c6-4762-81d2-9568ab501fac,0.35,false,false,near_mint,es,USD,2026-09-03T02:19:21.145Z
carpeta negra,binder,Lair of the Hydra,M3C,Modern Horizons 3 Commander,353,normal,rare,1,94947,51aabe5e-161b-4c8a-bdb2-983f402a29ef,0.59,false,false,near_mint,es,USD,2026-09-03T02:19:21.146Z
carpeta negra,binder,Drownyard Temple,TDC,Tarkir: Dragonstorm Commander,359,normal,rare,1,105001,dbc8512a-9f6c-40d4-8049-14505e260746,0.49,false,false,near_mint,es,USD,2026-09-03T02:19:21.147Z
carpeta negra,binder,Blossoming Defense,ECL,Lorwyn Eclipsed,167,normal,uncommon,1,110327,3cce80d0-b937-4325-a603-1278c110f244,0.59,false,false,near_mint,es,USD,2026-09-03T02:19:21.148Z
carpeta negra,binder,Swift Demise,TMC,Teenage Mutant Ninja Turtles Eternal,21,normal,rare,1,111221,442feb65-9c0f-4962-8518-78e6d314c916,0.49,false,false,near_mint,es,USD,2026-09-03T02:19:21.149Z
carpeta negra,binder,Sylvan Anthem,MH2,Modern Horizons 2,176,normal,rare,1,59715,a119edc2-9e0f-43d1-a13d-25827f86e3e3,1.99,false,false,near_mint,es,USD,2026-09-03T02:19:21.150Z
carpeta negra,binder,Pyretic Ritual,M11,Magic 2011,153,normal,common,1,21236,1e577638-a7ed-4bcc-90fb-0cffe87d5a28,7.49,false,false,near_mint,es,USD,2026-09-03T02:19:21.151Z
carpeta negra,binder,Bloodghast,DFT,Aetherdrift,77,normal,rare,1,103387,fdceefe6-f083-4955-b53a-8e6f8aeb2083,1.79,false,false,near_mint,es,USD,2026-09-03T02:19:21.152Z
carpeta negra,binder,Silverclad Ferocidons,PZA,Teenage Mutant Ninja Turtles Source Material,9,normal,mythic,1,111363,d042bcf5-476e-4994-bec5-831b6b84d74e,1.29,false,false,near_mint,es,USD,2026-09-03T02:19:21.153Z
carpeta negra,binder,Call to the Feast,2X2,Double Masters 2022,190,normal,common,1,70514,cf31f32f-bbca-4e70-93ca-f74c20202939,0.35,false,false,near_mint,es,USD,2026-09-03T02:19:21.154Z
carpeta negra,binder,Duel Tactics,SOS,Secrets of Strixhaven,112,normal,uncommon,1,111722,8f3a1675-0cc7-4dfd-a12e-4740a2cf81e8,0.35,false,false,near_mint,es,USD,2026-09-03T02:19:21.155Z
carpeta negra,binder,Sundown Pass,INR,Innistrad Remastered,286,normal,rare,1,102426,12ca1b4f-3e98-4ad4-93fe-c4c2de09aa58,5.49,false,false,near_mint,es,USD,2026-09-03T02:19:21.156Z
carpeta negra,binder,Epic Struggle,JUD,Judgment,112,normal,rare,1,31486,0dc71f6f-f831-409e-aafd-3fa82a318e72,8.49,false,false,near_mint,es,USD,2026-09-03T02:19:21.157Z
carpeta negra,binder,Reassembling Skeleton,TDC,Tarkir: Dragonstorm Commander,195,normal,uncommon,1,104627,4d431445-d7db-4ce1-b422-41494d9be1b4,0.39,false,false,near_mint,es,USD,2026-09-03T02:19:21.158Z
carpeta negra,binder,Merchant of Many Hats,TLA,Avatar: The Last Airbender,110,normal,common,1,108229,752ffa24-93b6-4b33-bf10-7222357ac472,0.35,false,false,near_mint,es,USD,2026-09-03T02:19:21.159Z
carpeta negra,binder,Ba Sing Se,TLA,Avatar: The Last Airbender,266,normal,rare,1,109786,bdf3b2be-d0cd-4a3c-a10e-82d32c12d3bd,6.99,false,false,near_mint,es,USD,2026-09-03T02:19:21.160Z
carpeta negra,binder,Pyrrhic Strike,ECL,Lorwyn Eclipsed,30,normal,uncommon,1,110626,cce5b16d-07fb-4e64-8ec9-b8b29ba86cff,0.35,false,false,near_mint,es,USD,2026-09-03T02:19:21.161Z
carpeta negra,binder,Zuko's Conviction,TLA,Avatar: The Last Airbender,123,normal,uncommon,1,109923,ad8933d6-cdc7-4d60-a78e-b43ffecfb136,0.35,false,false,near_mint,es,USD,2026-09-03T02:19:21.162Z
carpeta negra,binder,Graveshifter,ECL,Lorwyn Eclipsed,104,normal,uncommon,1,110848,dadb02b9-d3a0-4b51-bbc3-53b2316cd70d,0.35,false,false,near_mint,es,USD,2026-09-03T02:19:21.163Z
carpeta negra,binder,Focus Fire,EOE,Edge of Eternities,18,normal,common,1,107515,a9ddfcbc-0f84-4315-aaa3-ca54ff64d7de,0.35,false,false,near_mint,es,USD,2026-09-03T02:19:21.164Z
carpeta negra,binder,Sinister Hideout,SPM,Marvel's Spider-Man,184,normal,common,1,108622,23190d7e-5165-49bd-b307-bf81877d228d,0.35,false,false,near_mint,es,USD,2026-09-03T02:19:21.165Z
carpeta negra,binder,Glassworks // Shattered Yard,DSK,Duskmourn: House of Horror,137,normal,common,1,98950,fe32f667-8d9f-4414-913e-256cbc2fbc45,0.35,false,false,near_mint,es,USD,2026-09-03T02:19:21.166Z
carpeta negra,binder,Barrensteppe Siege,TDM,Tarkir: Dragonstorm,171,normal,rare,1,103989,2556a35b-2229-42c7-8cb3-c8c668403dd2,0.49,false,false,near_mint,es,USD,2026-09-03T02:19:21.167Z
carpeta negra,binder,Scarblade Scout,ECL,Lorwyn Eclipsed,118,normal,common,1,110833,c2412fea-4591-4345-913f-edc2da9ad975,0.35,false,false,near_mint,es,USD,2026-09-03T02:19:21.168Z
carpeta negra,binder,Radiant Destiny,LCC,The Lost Caverns of Ixalan Commander,135,normal,rare,1,88916,d1d03bfb-c3bf-4837-b4df-e6339997dedb,0.59,false,false,near_mint,es,USD,2026-09-03T02:19:21.169Z
carpeta negra,binder,Moldervine Reclamation,SOC,Secrets of Strixhaven Commander,320,normal,uncommon,1,112181,f3e93085-ffcb-4f48-8649-3fcbc5e97699,0.69,false,false,near_mint,es,USD,2026-09-03T02:19:21.170Z
carpeta negra,binder,Phyrexian Arena,FDN,Foundations,180,normal,rare,1,100124,0784b6f0-9ebf-43d2-ba0f-a6bc93ba0c48,5.99,false,false,near_mint,es,USD,2026-09-03T02:19:21.171Z
carpeta negra,binder,Susurian Voidborn,EOE,Edge of Eternities,118,normal,uncommon,2,107765,beb97e7b-0ae7-4b08-9ceb-6a7f825bcd49,0.35,false,false,near_mint,es,USD,2026-09-03T02:19:21.172Z
carpeta negra,binder,Shared Summons,M20,Core Set 2020,193,normal,rare,1,45268,1e1e49b6-ed0f-42f5-af22-6f4aa23ce4ef,2.99,false,false,near_mint,es,USD,2026-09-03T02:19:21.173Z
carpeta negra,binder,Iridescent Vinelasher,BLB,Bloomburrow,99,normal,rare,1,95877,b2bc854c-4e72-48e0-a098-e3451d6e511d,1.99,false,false,near_mint,es,USD,2026-09-03T02:19:21.174Z
carpeta negra,binder,Virulent Emissary,ECL,Lorwyn Eclipsed,202,normal,uncommon,1,110291,0702efed-915e-466a-96bb-ac09af06b21e,1.79,false,false,near_mint,es,USD,2026-09-03T02:19:21.175Z
carpeta negra,binder,"Cecil, Dark Knight // Cecil, Redeemed Paladin",FIN,Final Fantasy,380,normal,rare,1,103806,d8c5c414-c7a0-489b-9cb8-1b910aa89b8e,2.79,false,false,near_mint,es,USD,2026-09-03T02:19:21.176Z
carpeta negra,binder,Greenhouse // Rickety Gazebo,DSK,Duskmourn: House of Horror,181,normal,uncommon,1,98884,a22e8038-0706-47ec-bfda-f421a4912774,0.35,false,false,near_mint,es,USD,2026-09-03T02:19:21.177Z
carpeta negra,binder,Avenger of Zendikar,ECC,Lorwyn Eclipsed Commander,98,normal,mythic,2,110621,c6f1e60f-a195-4590-80b0-86767de6c423,1.29,false,false,near_mint,es,USD,2026-09-03T02:19:21.178Z
carpeta negra,binder,Ride the Shoopuf,FIN,Final Fantasy,197,normal,uncommon,1,106518,19ad36d6-8bf4-490c-9980-b98a470af892,0.59,false,false,near_mint,es,USD,2026-09-03T02:19:21.179Z
carpeta negra,binder,Genemorph Imago,EOE,Edge of Eternities,217,normal,rare,1,107008,40f0ecf7-f49e-46ff-aa5b-9ff5361b72c5,0.49,false,false,near_mint,es,USD,2026-09-03T02:19:21.180Z
carpeta negra,binder,Ka-Zar of the Savage Land,MSH,Marvel Super Heroes,174,normal,uncommon,1,113991,caf70fc5-87a0-4b4d-bedd-74dd09569bed,0.35,false,false,near_mint,es,USD,2026-09-03T02:19:21.181Z
carpeta negra,binder,Summon: Titan,FIN,Final Fantasy,373,normal,rare,1,106677,e5881485-7935-427e-911e-843f198d94dc,4.99,false,false,near_mint,es,USD,2026-09-03T02:19:21.182Z
carpeta negra,binder,Springheart Nantuko,MH3,Modern Horizons 3,171,normal,rare,1,94453,54a3ea87-005e-4985-b2a5-21711d0b71c0,8.49,false,false,near_mint,es,USD,2026-09-03T02:19:21.183Z
carpeta negra,binder,Bramble Sovereign,CLB,Commander Legends: Battle for Baldur's Gate,372,normal,mythic,1,69107,763fde16-5de2-4541-90f1-a6efee920e28,4.99,false,false,near_mint,es,USD,2026-09-03T02:19:21.184Z
carpeta negra,binder,Tendershoot Dryad,BLC,Bloomburrow Commander,242,normal,rare,1,96253,3a60bdb4-53b3-46f2-b7a1-7954117b42a1,1.99,false,false,near_mint,es,USD,2026-09-03T02:19:21.185Z
carpeta negra,binder,Rampaging Baloths,EOC,Edge of Eternities Commander,104,normal,rare,1,107077,84aa18de-6acc-46cc-8e28-3046790a6751,0.69,false,false,near_mint,es,USD,2026-09-03T02:19:21.186Z
carpeta negra,binder,Umbral Collar Zealot,SOC,Secrets of Strixhaven Commander,227,normal,uncommon,2,112043,98648b8a-2cf0-4c10-ab13-c88b2e03fc15,0.69,false,false,near_mint,es,USD,2026-09-03T02:19:21.187Z
carpeta negra,binder,Darkstar Augur,BLB,Bloomburrow,90,normal,rare,1,95898,1c603751-1e2b-4c8e-a8d2-5c0876e7254f,1.79,false,false,near_mint,es,USD,2026-09-03T02:19:21.188Z
carpeta negra,binder,"Zahur, Glory's Past",DFT,Aetherdrift,370,normal,rare,1,103312,e1004f64-5052-4b1e-8fd8-eda463fbd9b7,0.49,false,false,near_mint,es,USD,2026-09-03T02:19:21.189Z
carpeta negra,binder,Mistbreath Elder,BLB,Bloomburrow,184,normal,rare,1,95975,e5246540-5a84-41d8-9e30-8e7a6c0e84e1,0.49,false,false,near_mint,es,USD,2026-09-03T02:19:21.190Z
carpeta negra,binder,Ravenous Chupacabra,MKC,Murders at Karlov Manor Commander,136,normal,uncommon,1,90476,a4dfbac0-1849-41c5-853a-1fee108d0b01,0.99,false,false,near_mint,es,USD,2026-09-03T02:19:21.191Z
carpeta negra,binder,Spinerock Tyrant,ECL,Lorwyn Eclipsed,159,normal,mythic,1,110739,478bbb7a-4b96-4e04-921e-bdf23185de25,1.79,false,false,near_mint,es,USD,2026-09-03T02:19:21.192Z
carpeta negra,binder,Sapling Nursery,ECL,Lorwyn Eclipsed,328,normal,rare,1,110872,ff984cb9-cd72-47a4-adce-2521c025679b,2.99,false,false,near_mint,es,USD,2026-09-03T02:19:21.193Z
carpeta negra,binder,Edge Rover,EOE,Edge of Eternities,179,normal,uncommon,1,107489,90741ec9-6893-42d4-b510-8664666094e3,0.35,false,false,near_mint,es,USD,2026-09-03T02:19:21.194Z
carpeta negra,binder,Chocobo Racetrack,FIN,Final Fantasy,179,normal,uncommon,1,106516,1565813b-6912-42f4-bae0-22136a2d6a92,0.49,false,false,near_mint,es,USD,2026-09-03T02:19:21.195Z
carpeta negra,binder,Warden of the Grove,TDM,Tarkir: Dragonstorm,166,normal,rare,1,104498,2414db96-0e2b-4f7c-9b97-41f8e310b752,2.29,false,false,near_mint,es,USD,2026-09-03T02:19:21.196Z
carpeta negra,binder,The Earth King,TLA,Avatar: The Last Airbender,172,normal,rare,1,109765,a8d5dca6-381a-4361-b265-27de8d04335c,2.79,false,false,near_mint,es,USD,2026-09-03T02:19:21.197Z
carpeta negra,binder,Bear,TTLA,Avatar: The Last Airbender Tokens,12,normal,common,1,109933,1dbbdb0f-57a4-4b85-ba5c-1383f0efb3af,,false,false,near_mint,es,USD,2026-09-03T02:19:21.198Z
carpeta negra,binder,Circuitous Route,FDN,Foundations,635,normal,uncommon,1,100946,a806dec2-d4f9-4f8d-a1dd-170777941131,0.49,false,false,near_mint,es,USD,2026-09-03T02:19:21.199Z
carpeta negra,binder,Roadkill Rodney,TMC,Teenage Mutant Ninja Turtles Eternal,41,normal,rare,1,111215,3fc23e7a-5059-4c8d-85bd-224f4c1bfc1c,0.49,false,false,near_mint,es,USD,2026-09-03T02:19:21.200Z
carpeta negra,binder,Traveling Chocobo,FIN,Final Fantasy,210,normal,mythic,1,105569,2462df62-fc35-47ed-9571-40452074dc6d,22.99,false,false,near_mint,es,USD,2026-09-03T02:19:21.201Z
carpeta negra,binder,Vibrance,ECL,Lorwyn Eclipsed,249,normal,mythic,1,110401,b9f71c3b-0840-475f-9c17-fdacbc7f3213,4.49,false,false,near_mint,es,USD,2026-09-03T02:19:21.202Z
carpeta negra,binder,"Garruk, Primal Hunter",C21,Commander 2021,190,normal,mythic,1,58605,79cfc0d7-fccb-47fb-87b6-08dd32528be6,2.79,false,false,near_mint,es,USD,2026-09-03T02:19:21.203Z
carpeta negra,binder,Chord of Calling,2XM,Double Masters,158,normal,rare,1,52045,dac257a9-39bf-4185-9d2e-f80f0848a96a,8.99,false,false,near_mint,es,USD,2026-09-03T02:19:21.204Z
carpeta negra,binder,Steel Hellkite,FDN,Foundations,681,normal,rare,1,100838,931ad21b-a6bb-4a89-8d6f-80adfcf126c7,0.59,false,false,near_mint,es,USD,2026-09-03T02:19:21.205Z
carpeta negra,binder,The Walls of Ba Sing Se,TLA,Avatar: The Last Airbender,261,normal,mythic,1,109655,24a14ac5-0b7e-4441-9963-782a7cda3f4a,34.99,false,false,near_mint,es,USD,2026-09-03T02:19:21.206Z
carpeta negra,binder,The Eternity Elevator,EOE,Edge of Eternities,241,normal,rare,1,106967,1bb90ab9-43b9-4991-806a-0afc4d8caf5f,3.99,false,false,near_mint,es,USD,2026-09-03T02:19:21.207Z
carpeta negra,binder,Wurmcoil Engine,PSOM,Scars of Mirrodin Promos,223★,foil,mythic,1,21032,b9bdfa34-f608-40d4-b634-b260ad620f18,15.99,false,false,near_mint,es,USD,2026-09-03T02:19:21.208Z
carpeta negra,binder,Spider-Man No More,SPM,Marvel's Spider-Man,45,normal,common,1,108642,72dbab11-96ed-43db-8b59-ceca47c8cd22,0.35,false,false,near_mint,es,USD,2026-09-03T02:19:21.209Z
carpeta negra,binder,Honest Work,TLA,Avatar: The Last Airbender,55,normal,uncommon,1,109439,57e0ccb0-22f0-4e4d-9a47-c4fec2c7f251,0.35,false,false,near_mint,es,USD,2026-09-03T02:19:21.210Z
carpeta negra,binder,Crashing Drawbridge,TDC,Tarkir: Dragonstorm Commander,316,normal,common,1,104422,018257cf-8981-4691-92ab-6a33f77c9680,1.79,false,false,near_mint,es,USD,2026-09-03T02:19:21.211Z
carpeta negra,binder,Casualties of War,BLC,Bloomburrow Commander,125,normal,rare,1,96458,c579edb6-acba-4e44-b3d6-693cd4e0e2d8,0.49,false,false,near_mint,es,USD,2026-09-03T02:19:21.212Z
carpeta negra,binder,Culling Ritual,SOC,Secrets of Strixhaven Commander,302,normal,rare,1,112074,abaad8c5-763d-4276-9b19-623cd19f59b9,1.29,false,false,near_mint,es,USD,2026-09-03T02:19:21.213Z
carpeta negra,binder,Wander Off,SOS,Secrets of Strixhaven,104,normal,common,1,112597,3d409512-50b9-4a38-91b0-19ba25227992,0.35,false,false,near_mint,es,USD,2026-09-03T02:19:21.214Z
carpeta negra,binder,Song of the Dryads,CMM,Commander Masters,324,normal,rare,1,84089,161e66e3-0339-495c-bd06-0a799a254906,7.99,false,false,near_mint,es,USD,2026-09-03T02:19:21.215Z
carpeta negra,binder,Sandman's Quicksand,SPM,Marvel's Spider-Man,63,normal,uncommon,1,108570,b7795e17-6717-464c-9ae3-20da52ba005a,0.35,false,false,near_mint,es,USD,2026-09-03T02:19:21.216Z
carpeta negra,binder,Putrefy,EOC,Edge of Eternities Commander,124,normal,uncommon,1,106969,1e355b88-a73d-430b-95eb-8ba646f2e406,0.35,false,false,near_mint,es,USD,2026-09-03T02:19:21.217Z
carpeta negra,binder,Putrefy,ECC,Lorwyn Eclipsed Commander,131,normal,uncommon,1,110592,ad6ed9f1-2014-49e2-91c6-2b55c8d60cdc,0.35,false,false,near_mint,es,USD,2026-09-03T02:19:21.218Z
carpeta negra,binder,Kenrith's Transformation,WOC,Wilds of Eldraine Commander,128,normal,uncommon,1,85617,a34add4e-5d5e-489c-a3b4-daef05a2bb0f,2.29,false,false,near_mint,es,USD,2026-09-03T02:19:21.219Z
carpeta negra,binder,Windgrace's Judgment,EOC,Edge of Eternities Commander,129,normal,rare,2,107205,f1f6efcf-6ac3-4bf9-9bd2-d5c78a5defb3,0.49,false,false,near_mint,es,USD,2026-09-03T02:19:21.220Z
carpeta negra,binder,Plains,LTR,The Lord of the Rings: Tales of Middle-earth,263,normal,common,1,83106,5bb495cc-9908-455e-bec9-3993d595f4f9,0.49,false,false,near_mint,es,USD,2026-09-03T02:19:21.221Z
carpeta negra,binder,Fumigate,EOC,Edge of Eternities Commander,65,normal,rare,1,107302,976f6850-e646-4b51-a103-25240658672d,0.69,false,false,near_mint,es,USD,2026-09-03T02:19:21.222Z
carpeta negra,binder,Overkill,FIN,Final Fantasy,109,normal,uncommon,1,106628,ae075e71-d33d-4d6c-b4a5-0b47dd6fd196,0.39,false,false,near_mint,es,USD,2026-09-03T02:19:21.223Z
carpeta negra,binder,Maelstrom Pulse,BLC,Bloomburrow Commander,126,normal,rare,1,96480,d8f4d07b-2fc1-4d86-865b-b35526850c8e,0.49,false,false,near_mint,es,USD,2026-09-03T02:19:21.224Z
carpeta negra,binder,Binding the Old Gods,ECC,Lorwyn Eclipsed Commander,120,normal,uncommon,1,110487,41802f18-7d46-431a-acb3-dbcc82eb415a,0.35,false,false,near_mint,es,USD,2026-09-03T02:19:21.225Z
carpeta negra,binder,Close Encounter,EOE,Edge of Eternities,176,normal,uncommon,1,107513,a8a77351-9115-470f-8141-222c1916b337,0.35,false,false,near_mint,es,USD,2026-09-03T02:19:21.226Z
carpeta negra,binder,Decree of Pain,DSC,Duskmourn: House of Horror Commander,136,normal,rare,1,99325,bd594aeb-f5cc-4435-8ea8-c35c5824b58c,0.69,false,false,near_mint,es,USD,2026-09-03T02:19:21.227Z
carpeta negra,binder,Utter End,LCC,The Lost Caverns of Ixalan Commander,292,normal,rare,1,88835,b7d2161e-8ef5-463d-a84f-966e4419fc6c,0.49,false,false,near_mint,es,USD,2026-09-03T02:19:21.228Z
carpeta negra,binder,Darksteel Mutation,SOC,Secrets of Strixhaven Commander,142,normal,uncommon,2,111969,6e776a1e-266d-4b30-83da-be4721a55ed2,1.99,false,false,near_mint,es,USD,2026-09-03T02:19:21.229Z
carpeta negra,binder,Emergency Eject,EOE,Edge of Eternities,14,normal,uncommon,1,107216,fc98b2d4-86fc-4c47-b2a7-1f3c89463607,0.35,false,false,near_mint,es,USD,2026-09-03T02:19:21.230Z
carpeta negra,binder,Austere Command,M3C,Modern Horizons 3 Commander,167,normal,rare,1,94747,556ba00c-f0e1-47ce-aea8-c22c4f3f3b05,0.99,false,false,near_mint,es,USD,2026-09-03T02:19:21.231Z
carpeta negra,binder,Voldaren Estate,LCC,The Lost Caverns of Ixalan Commander,369,normal,rare,1,88326,1fcbc704-4fb3-49c3-9040-aa1681e86e2c,0.59,false,false,near_mint,es,USD,2026-09-03T02:19:21.232Z
carpeta negra,binder,Tainted Treats,TMT,Teenage Mutant Ninja Turtles,170,normal,uncommon,1,111613,fa684608-ecd3-43e2-99a1-71318f133e29,0.35,false,false,near_mint,es,USD,2026-09-03T02:19:21.233Z
carpeta negra,binder,Return to Dust,DSC,Duskmourn: House of Horror Commander,102,normal,uncommon,1,99112,3c3745c2-5509-4d6b-8f49-5cb93374edea,0.35,false,false,near_mint,es,USD,2026-09-03T02:19:21.234Z
carpeta negra,binder,Rime Chill,ECL,Lorwyn Eclipsed,64,normal,uncommon,1,110811,a9a425f4-2103-4f96-88a0-91fe554037d7,0.35,false,false,near_mint,es,USD,2026-09-03T02:19:21.235Z
carpeta negra,binder,Perfect Intimidation,ECL,Lorwyn Eclipsed,115,normal,uncommon,1,110082,ff05b7f4-e0d0-4304-99b3-66ac804129fe,0.35,false,false,near_mint,es,USD,2026-09-03T02:19:21.236Z
carpeta negra,binder,Dissection Practice,SOS,Secrets of Strixhaven,79,normal,uncommon,1,112700,ddbf1242-6832-475e-9a77-65dd9b4bb32a,0.35,false,false,near_mint,es,USD,2026-09-03T02:19:21.237Z
carpeta negra,binder,Zero Point Ballad,EOE,Edge of Eternities,128,normal,rare,1,107722,59cf9f4d-54cd-4cda-9726-65e16100ab46,0.49,false,false,near_mint,es,USD,2026-09-03T02:19:21.238Z
carpeta negra,binder,Deadly Embrace,FIN,Final Fantasy,557,normal,rare,1,106087,a11cb85c-85dd-435c-8303-4d0d18bdb1e9,0.49,false,false,near_mint,es,USD,2026-09-03T02:19:21.239Z
carpeta negra,binder,New Blood,LCC,The Lost Caverns of Ixalan Commander,202,normal,rare,1,88583,6ee669ab-0ae6-43e5-86fd-f0dcb621e478,0.79,false,false,near_mint,es,USD,2026-09-03T02:19:21.240Z
carpeta negra,binder,Winnowing,ECL,Lorwyn Eclipsed,43,normal,rare,1,110425,f943a7d8-9550-427e-8c45-ef834329d345,0.49,false,false,near_mint,es,USD,2026-09-03T02:19:21.241Z
carpeta negra,binder,Requiting Hex,ECL,Lorwyn Eclipsed,116,normal,uncommon,2,110659,f21b0fb7-91b6-403f-a81a-562665961276,1.79,false,false,near_mint,es,USD,2026-09-03T02:19:21.242Z
carpeta negra,binder,Chomping Changeling,ECL,Lorwyn Eclipsed,172,normal,uncommon,1,110419,e187dcc6-19ad-4cf6-94b4-daf07f5144e5,2.49,false,false,near_mint,es,USD,2026-09-03T02:19:21.243Z
carpeta negra,binder,Rampage of the Clans,RNA,Ravnica Allegiance,134,normal,rare,1,43731,28ebab7d-d03d-4473-aa9b-485aebb66433,0.49,false,false,near_mint,es,USD,2026-09-03T02:19:21.244Z
carpeta negra,binder,Naturalize,M13,Magic 2013,178,normal,common,1,17645,e2db6f65-5160-4c10-8a24-f8d4f106adcd,0.35,false,false,near_mint,es,USD,2026-09-03T02:19:21.245Z
carpeta negra,binder,Last Gasp,SOS,Secrets of Strixhaven,86,normal,common,1,112698,da5f3729-6ec7-4482-90cb-83b973edeae4,0.35,false,false,near_mint,es,USD,2026-09-03T02:19:21.246Z
carpeta negra,binder,Procrastinate,SOS,Secrets of Strixhaven,64,normal,common,1,111692,1edb449d-620f-4e21-9d76-2c840635eb9d,0.35,false,false,near_mint,es,USD,2026-09-03T02:19:21.247Z
carpeta negra,binder,Transit Mage,DFT,Aetherdrift,70,normal,uncommon,1,103521,6727169f-c33a-4ca5-889d-a63bcfc5a3f0,0.59,false,false,near_mint,es,USD,2026-09-03T02:19:21.248Z
carpeta negra,binder,Witherbloom Charm,SOS,Secrets of Strixhaven,244,normal,uncommon,1,111694,254437f7-7a8a-4b11-9cea-e8e7ea23c59e,0.35,false,false,near_mint,es,USD,2026-09-03T02:19:21.249Z
carpeta negra,binder,Bloodline Bidding,ECL,Lorwyn Eclipsed,91,normal,rare,1,110553,877d9b75-ad2f-45a6-94d8-68e80d7db789,3.99,false,false,near_mint,es,USD,2026-09-03T02:19:21.250Z
carpeta negra,binder,Evil Reawakened,FIN,Final Fantasy,98,normal,uncommon,1,106300,eb98cbc3-749c-44f4-974c-00be1286d69e,0.35,false,false,near_mint,es,USD,2026-09-03T02:19:21.251Z
carpeta negra,binder,Relm's Sketching,FIN,Final Fantasy,67,normal,uncommon,1,106345,6aedac12-3714-4a81-bd4d-1d2555c66f78,0.35,false,false,near_mint,es,USD,2026-09-03T02:19:21.252Z
carpeta negra,binder,Diregraf Ghoul,FDN,Foundations,171,normal,uncommon,2,100439,4682012c-d7e0-4257-b538-3de497507464,0.35,false,false,near_mint,es,USD,2026-09-03T02:19:21.253Z
carpeta negra,binder,Murder,M19,Core Set 2019,110,normal,uncommon,1,1202,45368bf3-d5e9-43e6-a67d-93c2e93acc72,0.35,false,false,near_mint,es,USD,2026-09-03T02:19:21.254Z